sensor_n;horario;luminosidade
1;10:00;554
2;10:00;637
3;10:00;641
4;10:00;625
5;10:00;632
6;10:00;509
7;10:00;657
8;10:00;617
9;10:00;654
10;10:00;667
11;10:00;509
12;10:00;659
13;10:00;663
14;10:00;637
15;10:00;661
16;10:00;620
1;10:01;512
2;10:01;633
3;10:01;637
4;10:01;646
5;10:01;657
6;10:01;528
7;10:01;616
8;10:01;647
9;10:01;631
10;10:01;642
11;10:01;507
12;10:01;609
13;10:01;608
14;10:01;615
15;10:01;664
16;10:01;665
1;10:02;501
2;10:02;670
3;10:02;670
4;10:02;651
5;10:02;615
6;10:02;543
7;10:02;665
8;10:02;629
9;10:02;669
10;10:02;607
11;10:02;503
12;10:02;624
13;10:02;622
14;10:02;657
15;10:02;654
16;10:02;641
1;10:03;518
2;10:03;623
3;10:03;665
4;10:03;647
5;10:03;612
6;10:03;534
7;10:03;630
8;10:03;612
9;10:03;602
10;10:03;645
11;10:03;500
12;10:03;657
13;10:03;615
14;10:03;600
15;10:03;666
16;10:03;659
1;10:04;563
2;10:04;647
3;10:04;670
4;10:04;649
5;10:04;609
6;10:04;558
7;10:04;626
8;10:04;624
9;10:04;623
10;10:04;647
11;10:04;547
12;10:04;608
13;10:04;664
14;10:04;667
15;10:04;621
16;10:04;665
1;10:05;563
2;10:05;602
3;10:05;628
4;10:05;618
5;10:05;669
6;10:05;501
7;10:05;602
8;10:05;643
9;10:05;637
10;10:05;668
11;10:05;562
12;10:05;664
13;10:05;650
14;10:05;614
15;10:05;611
16;10:05;615
1;10:06;570
2;10:06;622
3;10:06;605
4;10:06;618
5;10:06;666
6;10:06;516
7;10:06;614
8;10:06;666
9;10:06;650
10;10:06;662
11;10:06;559
12;10:06;653
13;10:06;658
14;10:06;601
15;10:06;600
16;10:06;666
1;10:07;545
2;10:07;628
3;10:07;616
4;10:07;667
5;10:07;648
6;10:07;510
7;10:07;648
8;10:07;631
9;10:07;631
10;10:07;633
11;10:07;536
12;10:07;660
13;10:07;620
14;10:07;633
15;10:07;667
16;10:07;650
1;10:08;502
2;10:08;602
3;10:08;638
4;10:08;619
5;10:08;611
6;10:08;535
7;10:08;651
8;10:08;634
9;10:08;603
10;10:08;645
11;10:08;546
12;10:08;609
13;10:08;659
14;10:08;618
15;10:08;607
16;10:08;630
1;10:09;500
2;10:09;618
3;10:09;621
4;10:09;670
5;10:09;605
6;10:09;508
7;10:09;648
8;10:09;645
9;10:09;658
10;10:09;647
11;10:09;550
12;10:09;605
13;10:09;636
14;10:09;609
15;10:09;623
16;10:09;654
1;10:10;545
2;10:10;604
3;10:10;662
4;10:10;660
5;10:10;649
6;10:10;539
7;10:10;600
8;10:10;644
9;10:10;665
10;10:10;666
11;10:10;506
12;10:10;610
13;10:10;602
14;10:10;612
15;10:10;638
16;10:10;631
1;10:11;553
2;10:11;610
3;10:11;617
4;10:11;611
5;10:11;644
6;10:11;515
7;10:11;665
8;10:11;621
9;10:11;603
10;10:11;645
11;10:11;536
12;10:11;624
13;10:11;644
14;10:11;622
15;10:11;642
16;10:11;659
1;10:12;566
2;10:12;642
3;10:12;662
4;10:12;614
5;10:12;630
6;10:12;515
7;10:12;655
8;10:12;601
9;10:12;655
10;10:12;614
11;10:12;547
12;10:12;644
13;10:12;627
14;10:12;608
15;10:12;653
16;10:12;633
1;10:13;550
2;10:13;605
3;10:13;626
4;10:13;646
5;10:13;670
6;10:13;531
7;10:13;624
8;10:13;663
9;10:13;665
10;10:13;637
11;10:13;546
12;10:13;619
13;10:13;601
14;10:13;604
15;10:13;624
16;10:13;617
1;10:14;512
2;10:14;652
3;10:14;656
4;10:14;668
5;10:14;644
6;10:14;537
7;10:14;601
8;10:14;601
9;10:14;609
10;10:14;636
11;10:14;501
12;10:14;642
13;10:14;603
14;10:14;669
15;10:14;602
16;10:14;606
1;10:15;564
2;10:15;644
3;10:15;647
4;10:15;623
5;10:15;605
6;10:15;513
7;10:15;623
8;10:15;619
9;10:15;659
10;10:15;621
11;10:15;512
12;10:15;667
13;10:15;619
14;10:15;646
15;10:15;604
16;10:15;616
1;10:16;502
2;10:16;651
3;10:16;641
4;10:16;607
5;10:16;662
6;10:16;526
7;10:16;615
8;10:16;639
9;10:16;648
10;10:16;615
11;10:16;549
12;10:16;635
13;10:16;616
14;10:16;601
15;10:16;668
16;10:16;606
1;10:17;570
2;10:17;610
3;10:17;610
4;10:17;603
5;10:17;620
6;10:17;522
7;10:17;666
8;10:17;631
9;10:17;624
10;10:17;633
11;10:17;540
12;10:17;624
13;10:17;662
14;10:17;644
15;10:17;606
16;10:17;660
1;10:18;538
2;10:18;654
3;10:18;608
4;10:18;637
5;10:18;646
6;10:18;532
7;10:18;660
8;10:18;609
9;10:18;644
10;10:18;654
11;10:18;524
12;10:18;645
13;10:18;623
14;10:18;668
15;10:18;630
16;10:18;642
1;10:19;549
2;10:19;660
3;10:19;629
4;10:19;629
5;10:19;669
6;10:19;511
7;10:19;628
8;10:19;644
9;10:19;656
10;10:19;656
11;10:19;546
12;10:19;618
13;10:19;618
14;10:19;658
15;10:19;653
16;10:19;628
1;10:20;570
2;10:20;642
3;10:20;633
4;10:20;655
5;10:20;654
6;10:20;558
7;10:20;615
8;10:20;648
9;10:20;661
10;10:20;653
11;10:20;505
12;10:20;657
13;10:20;655
14;10:20;661
15;10:20;647
16;10:20;627
1;10:21;524
2;10:21;654
3;10:21;606
4;10:21;610
5;10:21;608
6;10:21;530
7;10:21;628
8;10:21;603
9;10:21;648
10;10:21;626
11;10:21;529
12;10:21;643
13;10:21;664
14;10:21;606
15;10:21;633
16;10:21;660
1;10:22;552
2;10:22;614
3;10:22;652
4;10:22;635
5;10:22;628
6;10:22;518
7;10:22;645
8;10:22;659
9;10:22;623
10;10:22;632
11;10:22;536
12;10:22;649
13;10:22;652
14;10:22;663
15;10:22;669
16;10:22;604
1;10:23;563
2;10:23;643
3;10:23;600
4;10:23;644
5;10:23;617
6;10:23;519
7;10:23;606
8;10:23;608
9;10:23;607
10;10:23;608
11;10:23;501
12;10:23;609
13;10:23;664
14;10:23;610
15;10:23;636
16;10:23;662
1;10:24;538
2;10:24;619
3;10:24;668
4;10:24;631
5;10:24;655
6;10:24;565
7;10:24;665
8;10:24;627
9;10:24;642
10;10:24;615
11;10:24;568
12;10:24;639
13;10:24;668
14;10:24;640
15;10:24;670
16;10:24;634
1;10:25;549
2;10:25;649
3;10:25;610
4;10:25;629
5;10:25;664
6;10:25;513
7;10:25;601
8;10:25;605
9;10:25;625
10;10:25;648
11;10:25;547
12;10:25;666
13;10:25;639
14;10:25;610
15;10:25;603
16;10:25;632
1;10:26;533
2;10:26;661
3;10:26;615
4;10:26;644
5;10:26;633
6;10:26;527
7;10:26;646
8;10:26;640
9;10:26;634
10;10:26;639
11;10:26;509
12;10:26;632
13;10:26;618
14;10:26;644
15;10:26;625
16;10:26;611
1;10:27;532
2;10:27;638
3;10:27;630
4;10:27;640
5;10:27;635
6;10:27;519
7;10:27;635
8;10:27;632
9;10:27;637
10;10:27;670
11;10:27;567
12;10:27;648
13;10:27;641
14;10:27;668
15;10:27;643
16;10:27;642
1;10:28;522
2;10:28;670
3;10:28;655
4;10:28;603
5;10:28;650
6;10:28;570
7;10:28;630
8;10:28;613
9;10:28;653
10;10:28;657
11;10:28;520
12;10:28;635
13;10:28;656
14;10:28;612
15;10:28;607
16;10:28;615
1;10:29;501
2;10:29;670
3;10:29;660
4;10:29;665
5;10:29;648
6;10:29;570
7;10:29;641
8;10:29;629
9;10:29;623
10;10:29;657
11;10:29;566
12;10:29;624
13;10:29;618
14;10:29;600
15;10:29;605
16;10:29;604
1;10:30;570
2;10:30;606
3;10:30;660
4;10:30;610
5;10:30;624
6;10:30;569
7;10:30;629
8;10:30;620
9;10:30;652
10;10:30;642
11;10:30;503
12;10:30;620
13;10:30;617
14;10:30;653
15;10:30;638
16;10:30;664
1;10:31;537
2;10:31;606
3;10:31;637
4;10:31;627
5;10:31;628
6;10:31;511
7;10:31;607
8;10:31;659
9;10:31;660
10;10:31;625
11;10:31;565
12;10:31;654
13;10:31;626
14;10:31;633
15;10:31;617
16;10:31;635
1;10:32;563
2;10:32;604
3;10:32;633
4;10:32;633
5;10:32;617
6;10:32;567
7;10:32;621
8;10:32;638
9;10:32;642
10;10:32;620
11;10:32;545
12;10:32;611
13;10:32;657
14;10:32;636
15;10:32;649
16;10:32;602
1;10:33;568
2;10:33;668
3;10:33;609
4;10:33;603
5;10:33;627
6;10:33;548
7;10:33;637
8;10:33;614
9;10:33;608
10;10:33;648
11;10:33;501
12;10:33;669
13;10:33;616
14;10:33;621
15;10:33;652
16;10:33;657
1;10:34;557
2;10:34;613
3;10:34;626
4;10:34;613
5;10:34;633
6;10:34;529
7;10:34;662
8;10:34;663
9;10:34;633
10;10:34;658
11;10:34;558
12;10:34;606
13;10:34;613
14;10:34;640
15;10:34;642
16;10:34;618
1;10:35;539
2;10:35;648
3;10:35;664
4;10:35;619
5;10:35;609
6;10:35;528
7;10:35;635
8;10:35;614
9;10:35;633
10;10:35;600
11;10:35;522
12;10:35;634
13;10:35;658
14;10:35;615
15;10:35;638
16;10:35;603
1;10:36;531
2;10:36;668
3;10:36;616
4;10:36;612
5;10:36;624
6;10:36;564
7;10:36;628
8;10:36;600
9;10:36;629
10;10:36;612
11;10:36;556
12;10:36;653
13;10:36;631
14;10:36;605
15;10:36;658
16;10:36;663
1;10:37;512
2;10:37;661
3;10:37;607
4;10:37;654
5;10:37;629
6;10:37;508
7;10:37;601
8;10:37;635
9;10:37;639
10;10:37;622
11;10:37;501
12;10:37;636
13;10:37;654
14;10:37;649
15;10:37;610
16;10:37;666
1;10:38;548
2;10:38;608
3;10:38;648
4;10:38;653
5;10:38;605
6;10:38;564
7;10:38;665
8;10:38;625
9;10:38;638
10;10:38;664
11;10:38;553
12;10:38;642
13;10:38;623
14;10:38;642
15;10:38;670
16;10:38;642
1;10:39;525
2;10:39;652
3;10:39;666
4;10:39;623
5;10:39;645
6;10:39;546
7;10:39;647
8;10:39;606
9;10:39;641
10;10:39;658
11;10:39;519
12;10:39;639
13;10:39;634
14;10:39;607
15;10:39;643
16;10:39;656
1;10:40;503
2;10:40;602
3;10:40;637
4;10:40;604
5;10:40;609
6;10:40;518
7;10:40;653
8;10:40;606
9;10:40;652
10;10:40;626
11;10:40;507
12;10:40;642
13;10:40;639
14;10:40;663
15;10:40;608
16;10:40;630
1;10:41;512
2;10:41;610
3;10:41;605
4;10:41;662
5;10:41;632
6;10:41;506
7;10:41;669
8;10:41;659
9;10:41;621
10;10:41;667
11;10:41;536
12;10:41;662
13;10:41;625
14;10:41;647
15;10:41;620
16;10:41;658
1;10:42;540
2;10:42;664
3;10:42;652
4;10:42;648
5;10:42;653
6;10:42;557
7;10:42;649
8;10:42;637
9;10:42;663
10;10:42;621
11;10:42;564
12;10:42;667
13;10:42;644
14;10:42;621
15;10:42;661
16;10:42;651
1;10:43;561
2;10:43;633
3;10:43;662
4;10:43;654
5;10:43;601
6;10:43;537
7;10:43;651
8;10:43;659
9;10:43;643
10;10:43;657
11;10:43;516
12;10:43;648
13;10:43;620
14;10:43;617
15;10:43;635
16;10:43;634
1;10:44;568
2;10:44;643
3;10:44;645
4;10:44;635
5;10:44;615
6;10:44;524
7;10:44;646
8;10:44;659
9;10:44;661
10;10:44;614
11;10:44;515
12;10:44;615
13;10:44;642
14;10:44;670
15;10:44;614
16;10:44;606
1;10:45;510
2;10:45;661
3;10:45;603
4;10:45;670
5;10:45;638
6;10:45;541
7;10:45;637
8;10:45;649
9;10:45;614
10;10:45;665
11;10:45;531
12;10:45;665
13;10:45;667
14;10:45;661
15;10:45;609
16;10:45;642
1;10:46;515
2;10:46;600
3;10:46;611
4;10:46;606
5;10:46;600
6;10:46;559
7;10:46;604
8;10:46;629
9;10:46;664
10;10:46;660
11;10:46;569
12;10:46;646
13;10:46;602
14;10:46;664
15;10:46;609
16;10:46;601
1;10:47;506
2;10:47;629
3;10:47;640
4;10:47;668
5;10:47;663
6;10:47;545
7;10:47;663
8;10:47;655
9;10:47;641
10;10:47;640
11;10:47;503
12;10:47;602
13;10:47;601
14;10:47;656
15;10:47;666
16;10:47;659
1;10:48;555
2;10:48;624
3;10:48;642
4;10:48;620
5;10:48;633
6;10:48;552
7;10:48;648
8;10:48;642
9;10:48;657
10;10:48;615
11;10:48;561
12;10:48;607
13;10:48;652
14;10:48;668
15;10:48;605
16;10:48;648
1;10:49;557
2;10:49;649
3;10:49;670
4;10:49;661
5;10:49;653
6;10:49;548
7;10:49;627
8;10:49;641
9;10:49;636
10;10:49;603
11;10:49;560
12;10:49;605
13;10:49;630
14;10:49;613
15;10:49;607
16;10:49;640
1;10:50;519
2;10:50;608
3;10:50;615
4;10:50;620
5;10:50;661
6;10:50;540
7;10:50;644
8;10:50;637
9;10:50;636
10;10:50;603
11;10:50;555
12;10:50;641
13;10:50;648
14;10:50;651
15;10:50;659
16;10:50;625
1;10:51;532
2;10:51;652
3;10:51;652
4;10:51;633
5;10:51;651
6;10:51;506
7;10:51;618
8;10:51;621
9;10:51;670
10;10:51;644
11;10:51;517
12;10:51;656
13;10:51;670
14;10:51;606
15;10:51;630
16;10:51;645
1;10:52;520
2;10:52;660
3;10:52;601
4;10:52;656
5;10:52;601
6;10:52;550
7;10:52;635
8;10:52;616
9;10:52;653
10;10:52;637
11;10:52;552
12;10:52;618
13;10:52;622
14;10:52;622
15;10:52;629
16;10:52;628
1;10:53;526
2;10:53;603
3;10:53;600
4;10:53;618
5;10:53;615
6;10:53;565
7;10:53;634
8;10:53;611
9;10:53;661
10;10:53;653
11;10:53;542
12;10:53;638
13;10:53;608
14;10:53;631
15;10:53;620
16;10:53;646
1;10:54;569
2;10:54;669
3;10:54;619
4;10:54;649
5;10:54;670
6;10:54;511
7;10:54;668
8;10:54;612
9;10:54;605
10;10:54;604
11;10:54;562
12;10:54;603
13;10:54;656
14;10:54;626
15;10:54;635
16;10:54;606
1;10:55;567
2;10:55;656
3;10:55;610
4;10:55;603
5;10:55;621
6;10:55;558
7;10:55;615
8;10:55;667
9;10:55;628
10;10:55;609
11;10:55;502
12;10:55;605
13;10:55;608
14;10:55;608
15;10:55;650
16;10:55;632
1;10:56;507
2;10:56;655
3;10:56;613
4;10:56;622
5;10:56;641
6;10:56;519
7;10:56;661
8;10:56;619
9;10:56;658
10;10:56;644
11;10:56;523
12;10:56;638
13;10:56;613
14;10:56;656
15;10:56;602
16;10:56;630
1;10:57;515
2;10:57;612
3;10:57;619
4;10:57;615
5;10:57;644
6;10:57;569
7;10:57;630
8;10:57;667
9;10:57;616
10;10:57;615
11;10:57;556
12;10:57;642
13;10:57;623
14;10:57;661
15;10:57;620
16;10:57;615
1;10:58;507
2;10:58;604
3;10:58;628
4;10:58;604
5;10:58;628
6;10:58;554
7;10:58;647
8;10:58;659
9;10:58;606
10;10:58;619
11;10:58;553
12;10:58;636
13;10:58;619
14;10:58;602
15;10:58;668
16;10:58;608
1;10:59;523
2;10:59;660
3;10:59;635
4;10:59;658
5;10:59;606
6;10:59;511
7;10:59;612
8;10:59;665
9;10:59;631
10;10:59;622
11;10:59;523
12;10:59;637
13;10:59;632
14;10:59;614
15;10:59;613
16;10:59;635
1;11:00;506
2;11:00;644
3;11:00;641
4;11:00;655
5;11:00;658
6;11:00;554
7;11:00;600
8;11:00;656
9;11:00;640
10;11:00;665
11;11:00;537
12;11:00;601
13;11:00;627
14;11:00;669
15;11:00;657
16;11:00;653
1;11:01;560
2;11:01;668
3;11:01;646
4;11:01;633
5;11:01;651
6;11:01;532
7;11:01;641
8;11:01;650
9;11:01;651
10;11:01;638
11;11:01;519
12;11:01;661
13;11:01;649
14;11:01;642
15;11:01;632
16;11:01;600
1;11:02;508
2;11:02;650
3;11:02;631
4;11:02;633
5;11:02;638
6;11:02;526
7;11:02;626
8;11:02;662
9;11:02;625
10;11:02;618
11;11:02;519
12;11:02;636
13;11:02;664
14;11:02;637
15;11:02;629
16;11:02;659
1;11:03;515
2;11:03;613
3;11:03;664
4;11:03;645
5;11:03;635
6;11:03;518
7;11:03;631
8;11:03;638
9;11:03;623
10;11:03;645
11;11:03;523
12;11:03;656
13;11:03;612
14;11:03;615
15;11:03;647
16;11:03;626
1;11:04;512
2;11:04;659
3;11:04;623
4;11:04;639
5;11:04;663
6;11:04;527
7;11:04;654
8;11:04;613
9;11:04;601
10;11:04;608
11;11:04;565
12;11:04;649
13;11:04;654
14;11:04;665
15;11:04;634
16;11:04;653
1;11:05;562
2;11:05;606
3;11:05;638
4;11:05;604
5;11:05;642
6;11:05;505
7;11:05;663
8;11:05;628
9;11:05;627
10;11:05;653
11;11:05;539
12;11:05;659
13;11:05;605
14;11:05;657
15;11:05;648
16;11:05;604
1;11:06;551
2;11:06;641
3;11:06;601
4;11:06;653
5;11:06;645
6;11:06;536
7;11:06;634
8;11:06;626
9;11:06;662
10;11:06;620
11;11:06;500
12;11:06;668
13;11:06;622
14;11:06;644
15;11:06;618
16;11:06;622
1;11:07;528
2;11:07;649
3;11:07;646
4;11:07;669
5;11:07;669
6;11:07;520
7;11:07;629
8;11:07;627
9;11:07;666
10;11:07;635
11;11:07;548
12;11:07;633
13;11:07;631
14;11:07;618
15;11:07;628
16;11:07;668
1;11:08;530
2;11:08;617
3;11:08;641
4;11:08;630
5;11:08;663
6;11:08;505
7;11:08;653
8;11:08;666
9;11:08;601
10;11:08;622
11;11:08;532
12;11:08;636
13;11:08;665
14;11:08;607
15;11:08;619
16;11:08;641
1;11:09;525
2;11:09;618
3;11:09;623
4;11:09;669
5;11:09;665
6;11:09;546
7;11:09;644
8;11:09;668
9;11:09;610
10;11:09;649
11;11:09;564
12;11:09;666
13;11:09;646
14;11:09;645
15;11:09;658
16;11:09;607
1;11:10;570
2;11:10;600
3;11:10;647
4;11:10;652
5;11:10;623
6;11:10;554
7;11:10;663
8;11:10;658
9;11:10;617
10;11:10;646
11;11:10;564
12;11:10;603
13;11:10;668
14;11:10;652
15;11:10;610
16;11:10;619
1;11:11;528
2;11:11;609
3;11:11;626
4;11:11;601
5;11:11;611
6;11:11;545
7;11:11;626
8;11:11;623
9;11:11;611
10;11:11;647
11;11:11;506
12;11:11;604
13;11:11;669
14;11:11;636
15;11:11;646
16;11:11;610
1;11:12;503
2;11:12;637
3;11:12;646
4;11:12;657
5;11:12;653
6;11:12;535
7;11:12;658
8;11:12;619
9;11:12;659
10;11:12;604
11;11:12;516
12;11:12;607
13;11:12;645
14;11:12;655
15;11:12;605
16;11:12;669
1;11:13;561
2;11:13;625
3;11:13;609
4;11:13;670
5;11:13;615
6;11:13;512
7;11:13;615
8;11:13;662
9;11:13;609
10;11:13;604
11;11:13;545
12;11:13;602
13;11:13;622
14;11:13;651
15;11:13;663
16;11:13;669
1;11:14;558
2;11:14;669
3;11:14;669
4;11:14;645
5;11:14;640
6;11:14;503
7;11:14;665
8;11:14;657
9;11:14;604
10;11:14;623
11;11:14;520
12;11:14;656
13;11:14;625
14;11:14;649
15;11:14;630
16;11:14;604
1;11:15;542
2;11:15;656
3;11:15;643
4;11:15;616
5;11:15;630
6;11:15;523
7;11:15;631
8;11:15;665
9;11:15;657
10;11:15;647
11;11:15;533
12;11:15;615
13;11:15;605
14;11:15;615
15;11:15;600
16;11:15;610
1;11:16;511
2;11:16;608
3;11:16;647
4;11:16;603
5;11:16;631
6;11:16;518
7;11:16;654
8;11:16;662
9;11:16;638
10;11:16;618
11;11:16;524
12;11:16;636
13;11:16;605
14;11:16;600
15;11:16;642
16;11:16;627
1;11:17;522
2;11:17;600
3;11:17;665
4;11:17;612
5;11:17;609
6;11:17;562
7;11:17;655
8;11:17;634
9;11:17;617
10;11:17;630
11;11:17;521
12;11:17;600
13;11:17;634
14;11:17;617
15;11:17;623
16;11:17;637
1;11:18;541
2;11:18;620
3;11:18;634
4;11:18;656
5;11:18;604
6;11:18;539
7;11:18;653
8;11:18;620
9;11:18;616
10;11:18;644
11;11:18;527
12;11:18;653
13;11:18;618
14;11:18;660
15;11:18;667
16;11:18;643
1;11:19;527
2;11:19;645
3;11:19;664
4;11:19;666
5;11:19;603
6;11:19;565
7;11:19;670
8;11:19;653
9;11:19;602
10;11:19;619
11;11:19;528
12;11:19;665
13;11:19;649
14;11:19;604
15;11:19;611
16;11:19;660
1;11:20;515
2;11:20;617
3;11:20;666
4;11:20;614
5;11:20;665
6;11:20;517
7;11:20;634
8;11:20;663
9;11:20;601
10;11:20;615
11;11:20;535
12;11:20;669
13;11:20;655
14;11:20;612
15;11:20;630
16;11:20;670
1;11:21;559
2;11:21;622
3;11:21;650
4;11:21;623
5;11:21;648
6;11:21;560
7;11:21;665
8;11:21;657
9;11:21;622
10;11:21;657
11;11:21;508
12;11:21;606
13;11:21;620
14;11:21;601
15;11:21;614
16;11:21;619
1;11:22;546
2;11:22;610
3;11:22;655
4;11:22;665
5;11:22;633
6;11:22;556
7;11:22;654
8;11:22;603
9;11:22;648
10;11:22;641
11;11:22;564
12;11:22;648
13;11:22;613
14;11:22;646
15;11:22;649
16;11:22;623
1;11:23;531
2;11:23;602
3;11:23;606
4;11:23;658
5;11:23;654
6;11:23;541
7;11:23;626
8;11:23;666
9;11:23;603
10;11:23;625
11;11:23;510
12;11:23;670
13;11:23;606
14;11:23;664
15;11:23;669
16;11:23;622
1;11:24;548
2;11:24;618
3;11:24;669
4;11:24;633
5;11:24;636
6;11:24;512
7;11:24;669
8;11:24;653
9;11:24;608
10;11:24;655
11;11:24;516
12;11:24;627
13;11:24;645
14;11:24;642
15;11:24;648
16;11:24;664
1;11:25;512
2;11:25;653
3;11:25;639
4;11:25;609
5;11:25;661
6;11:25;560
7;11:25;626
8;11:25;660
9;11:25;616
10;11:25;637
11;11:25;548
12;11:25;656
13;11:25;603
14;11:25;635
15;11:25;608
16;11:25;642
1;11:26;551
2;11:26;640
3;11:26;608
4;11:26;654
5;11:26;643
6;11:26;560
7;11:26;617
8;11:26;654
9;11:26;604
10;11:26;642
11;11:26;538
12;11:26;605
13;11:26;609
14;11:26;608
15;11:26;628
16;11:26;601
1;11:27;512
2;11:27;651
3;11:27;657
4;11:27;652
5;11:27;637
6;11:27;532
7;11:27;669
8;11:27;602
9;11:27;606
10;11:27;611
11;11:27;520
12;11:27;663
13;11:27;626
14;11:27;626
15;11:27;601
16;11:27;621
1;11:28;560
2;11:28;633
3;11:28;629
4;11:28;641
5;11:28;653
6;11:28;531
7;11:28;624
8;11:28;629
9;11:28;658
10;11:28;636
11;11:28;516
12;11:28;650
13;11:28;607
14;11:28;640
15;11:28;612
16;11:28;659
1;11:29;524
2;11:29;647
3;11:29;615
4;11:29;631
5;11:29;614
6;11:29;544
7;11:29;646
8;11:29;605
9;11:29;623
10;11:29;625
11;11:29;556
12;11:29;626
13;11:29;609
14;11:29;670
15;11:29;626
16;11:29;627
1;11:30;555
2;11:30;670
3;11:30;636
4;11:30;648
5;11:30;622
6;11:30;521
7;11:30;632
8;11:30;637
9;11:30;670
10;11:30;627
11;11:30;543
12;11:30;664
13;11:30;626
14;11:30;631
15;11:30;609
16;11:30;625
1;11:31;521
2;11:31;617
3;11:31;656
4;11:31;649
5;11:31;607
6;11:31;503
7;11:31;602
8;11:31;637
9;11:31;625
10;11:31;658
11;11:31;538
12;11:31;654
13;11:31;637
14;11:31;636
15;11:31;612
16;11:31;662
1;11:32;555
2;11:32;647
3;11:32;664
4;11:32;660
5;11:32;648
6;11:32;556
7;11:32;641
8;11:32;625
9;11:32;611
10;11:32;617
11;11:32;559
12;11:32;638
13;11:32;649
14;11:32;600
15;11:32;662
16;11:32;629
1;11:33;519
2;11:33;609
3;11:33;619
4;11:33;651
5;11:33;625
6;11:33;522
7;11:33;668
8;11:33;646
9;11:33;605
10;11:33;613
11;11:33;508
12;11:33;668
13;11:33;669
14;11:33;642
15;11:33;665
16;11:33;617
1;11:34;530
2;11:34;628
3;11:34;668
4;11:34;621
5;11:34;621
6;11:34;504
7;11:34;651
8;11:34;611
9;11:34;604
10;11:34;620
11;11:34;516
12;11:34;649
13;11:34;619
14;11:34;605
15;11:34;663
16;11:34;609
1;11:35;517
2;11:35;670
3;11:35;645
4;11:35;628
5;11:35;625
6;11:35;530
7;11:35;608
8;11:35;611
9;11:35;638
10;11:35;668
11;11:35;516
12;11:35;659
13;11:35;642
14;11:35;633
15;11:35;661
16;11:35;624
1;11:36;546
2;11:36;634
3;11:36;640
4;11:36;666
5;11:36;616
6;11:36;536
7;11:36;631
8;11:36;640
9;11:36;628
10;11:36;616
11;11:36;570
12;11:36;667
13;11:36;642
14;11:36;604
15;11:36;646
16;11:36;620
1;11:37;536
2;11:37;617
3;11:37;606
4;11:37;670
5;11:37;623
6;11:37;531
7;11:37;643
8;11:37;600
9;11:37;669
10;11:37;659
11;11:37;540
12;11:37;646
13;11:37;627
14;11:37;627
15;11:37;615
16;11:37;621
1;11:38;513
2;11:38;662
3;11:38;644
4;11:38;624
5;11:38;602
6;11:38;544
7;11:38;612
8;11:38;663
9;11:38;646
10;11:38;639
11;11:38;507
12;11:38;645
13;11:38;660
14;11:38;624
15;11:38;640
16;11:38;667
1;11:39;540
2;11:39;662
3;11:39;659
4;11:39;620
5;11:39;645
6;11:39;521
7;11:39;606
8;11:39;623
9;11:39;602
10;11:39;637
11;11:39;565
12;11:39;666
13;11:39;658
14;11:39;641
15;11:39;619
16;11:39;607
1;11:40;520
2;11:40;623
3;11:40;614
4;11:40;620
5;11:40;655
6;11:40;523
7;11:40;623
8;11:40;660
9;11:40;632
10;11:40;656
11;11:40;511
12;11:40;614
13;11:40;612
14;11:40;662
15;11:40;623
16;11:40;626
1;11:41;547
2;11:41;653
3;11:41;631
4;11:41;650
5;11:41;662
6;11:41;538
7;11:41;654
8;11:41;662
9;11:41;646
10;11:41;626
11;11:41;534
12;11:41;629
13;11:41;640
14;11:41;612
15;11:41;602
16;11:41;652
1;11:42;525
2;11:42;657
3;11:42;608
4;11:42;628
5;11:42;650
6;11:42;551
7;11:42;600
8;11:42;608
9;11:42;639
10;11:42;601
11;11:42;506
12;11:42;641
13;11:42;621
14;11:42;640
15;11:42;667
16;11:42;611
1;11:43;550
2;11:43;616
3;11:43;670
4;11:43;631
5;11:43;665
6;11:43;500
7;11:43;650
8;11:43;632
9;11:43;611
10;11:43;604
11;11:43;516
12;11:43;618
13;11:43;609
14;11:43;601
15;11:43;645
16;11:43;641
1;11:44;505
2;11:44;656
3;11:44;644
4;11:44;634
5;11:44;600
6;11:44;553
7;11:44;632
8;11:44;655
9;11:44;662
10;11:44;634
11;11:44;532
12;11:44;623
13;11:44;637
14;11:44;626
15;11:44;609
16;11:44;606
1;11:45;553
2;11:45;661
3;11:45;668
4;11:45;640
5;11:45;613
6;11:45;559
7;11:45;623
8;11:45;616
9;11:45;611
10;11:45;621
11;11:45;539
12;11:45;663
13;11:45;669
14;11:45;632
15;11:45;656
16;11:45;606
1;11:46;535
2;11:46;636
3;11:46;612
4;11:46;600
5;11:46;622
6;11:46;531
7;11:46;620
8;11:46;660
9;11:46;631
10;11:46;661
11;11:46;525
12;11:46;605
13;11:46;644
14;11:46;666
15;11:46;630
16;11:46;662
1;11:47;529
2;11:47;601
3;11:47;610
4;11:47;619
5;11:47;627
6;11:47;568
7;11:47;633
8;11:47;647
9;11:47;648
10;11:47;611
11;11:47;559
12;11:47;649
13;11:47;656
14;11:47;627
15;11:47;658
16;11:47;611
1;11:48;513
2;11:48;666
3;11:48;635
4;11:48;605
5;11:48;613
6;11:48;535
7;11:48;668
8;11:48;608
9;11:48;661
10;11:48;642
11;11:48;546
12;11:48;613
13;11:48;648
14;11:48;648
15;11:48;609
16;11:48;637
1;11:49;539
2;11:49;638
3;11:49;649
4;11:49;656
5;11:49;651
6;11:49;501
7;11:49;655
8;11:49;650
9;11:49;645
10;11:49;620
11;11:49;568
12;11:49;642
13;11:49;609
14;11:49;653
15;11:49;601
16;11:49;669
1;11:50;512
2;11:50;618
3;11:50;631
4;11:50;647
5;11:50;610
6;11:50;561
7;11:50;636
8;11:50;669
9;11:50;656
10;11:50;647
11;11:50;546
12;11:50;612
13;11:50;642
14;11:50;654
15;11:50;602
16;11:50;635
1;11:51;555
2;11:51;636
3;11:51;615
4;11:51;630
5;11:51;661
6;11:51;502
7;11:51;627
8;11:51;603
9;11:51;637
10;11:51;652
11;11:51;546
12;11:51;615
13;11:51;604
14;11:51;616
15;11:51;666
16;11:51;609
1;11:52;531
2;11:52;615
3;11:52;644
4;11:52;609
5;11:52;626
6;11:52;522
7;11:52;643
8;11:52;614
9;11:52;627
10;11:52;661
11;11:52;504
12;11:52;661
13;11:52;666
14;11:52;648
15;11:52;600
16;11:52;657
1;11:53;515
2;11:53;666
3;11:53;635
4;11:53;638
5;11:53;669
6;11:53;514
7;11:53;657
8;11:53;602
9;11:53;605
10;11:53;612
11;11:53;558
12;11:53;611
13;11:53;651
14;11:53;653
15;11:53;646
16;11:53;632
1;11:54;529
2;11:54;663
3;11:54;647
4;11:54;623
5;11:54;614
6;11:54;520
7;11:54;651
8;11:54;620
9;11:54;631
10;11:54;627
11;11:54;511
12;11:54;631
13;11:54;619
14;11:54;626
15;11:54;651
16;11:54;617
1;11:55;509
2;11:55;614
3;11:55;645
4;11:55;653
5;11:55;605
6;11:55;549
7;11:55;618
8;11:55;666
9;11:55;649
10;11:55;611
11;11:55;542
12;11:55;625
13;11:55;603
14;11:55;608
15;11:55;609
16;11:55;608
1;11:56;510
2;11:56;628
3;11:56;661
4;11:56;637
5;11:56;601
6;11:56;553
7;11:56;602
8;11:56;670
9;11:56;648
10;11:56;635
11;11:56;556
12;11:56;618
13;11:56;670
14;11:56;652
15;11:56;603
16;11:56;624
1;11:57;501
2;11:57;663
3;11:57;647
4;11:57;648
5;11:57;620
6;11:57;531
7;11:57;667
8;11:57;639
9;11:57;608
10;11:57;653
11;11:57;567
12;11:57;629
13;11:57;659
14;11:57;664
15;11:57;604
16;11:57;611
1;11:58;513
2;11:58;639
3;11:58;650
4;11:58;614
5;11:58;654
6;11:58;523
7;11:58;611
8;11:58;643
9;11:58;617
10;11:58;616
11;11:58;501
12;11:58;638
13;11:58;612
14;11:58;631
15;11:58;665
16;11:58;664
1;11:59;516
2;11:59;615
3;11:59;625
4;11:59;629
5;11:59;645
6;11:59;506
7;11:59;630
8;11:59;622
9;11:59;669
10;11:59;622
11;11:59;560
12;11:59;611
13;11:59;630
14;11:59;650
15;11:59;664
16;11:59;655
1;12:00;551
2;12:00;652
3;12:00;615
4;12:00;617
5;12:00;615
6;12:00;559
7;12:00;622
8;12:00;638
9;12:00;614
10;12:00;622
11;12:00;554
12;12:00;649
13;12:00;644
14;12:00;661
15;12:00;610
16;12:00;623
1;12:01;542
2;12:01;632
3;12:01;625
4;12:01;614
5;12:01;631
6;12:01;528
7;12:01;655
8;12:01;613
9;12:01;642
10;12:01;626
11;12:01;564
12;12:01;666
13;12:01;641
14;12:01;644
15;12:01;623
16;12:01;621
1;12:02;559
2;12:02;634
3;12:02;627
4;12:02;627
5;12:02;643
6;12:02;547
7;12:02;627
8;12:02;645
9;12:02;659
10;12:02;645
11;12:02;562
12;12:02;647
13;12:02;645
14;12:02;626
15;12:02;661
16;12:02;663
1;12:03;504
2;12:03;668
3;12:03;640
4;12:03;663
5;12:03;638
6;12:03;562
7;12:03;663
8;12:03;663
9;12:03;654
10;12:03;653
11;12:03;517
12;12:03;645
13;12:03;607
14;12:03;603
15;12:03;660
16;12:03;636
1;12:04;517
2;12:04;632
3;12:04;652
4;12:04;627
5;12:04;670
6;12:04;557
7;12:04;631
8;12:04;625
9;12:04;610
10;12:04;653
11;12:04;511
12;12:04;639
13;12:04;622
14;12:04;638
15;12:04;649
16;12:04;665
1;12:05;534
2;12:05;644
3;12:05;667
4;12:05;633
5;12:05;643
6;12:05;530
7;12:05;661
8;12:05;633
9;12:05;624
10;12:05;642
11;12:05;561
12;12:05;661
13;12:05;636
14;12:05;600
15;12:05;610
16;12:05;670
1;12:06;508
2;12:06;659
3;12:06;648
4;12:06;656
5;12:06;664
6;12:06;516
7;12:06;640
8;12:06;600
9;12:06;633
10;12:06;607
11;12:06;524
12;12:06;631
13;12:06;636
14;12:06;658
15;12:06;613
16;12:06;636
1;12:07;563
2;12:07;607
3;12:07;657
4;12:07;634
5;12:07;649
6;12:07;516
7;12:07;620
8;12:07;642
9;12:07;643
10;12:07;646
11;12:07;510
12;12:07;652
13;12:07;601
14;12:07;601
15;12:07;632
16;12:07;627
1;12:08;559
2;12:08;600
3;12:08;666
4;12:08;636
5;12:08;635
6;12:08;509
7;12:08;617
8;12:08;628
9;12:08;624
10;12:08;665
11;12:08;508
12;12:08;617
13;12:08;664
14;12:08;615
15;12:08;615
16;12:08;638
1;12:09;521
2;12:09;665
3;12:09;631
4;12:09;626
5;12:09;622
6;12:09;565
7;12:09;655
8;12:09;662
9;12:09;665
10;12:09;625
11;12:09;538
12;12:09;657
13;12:09;643
14;12:09;631
15;12:09;631
16;12:09;630
1;12:10;514
2;12:10;639
3;12:10;618
4;12:10;618
5;12:10;614
6;12:10;511
7;12:10;624
8;12:10;662
9;12:10;617
10;12:10;632
11;12:10;564
12;12:10;645
13;12:10;659
14;12:10;664
15;12:10;627
16;12:10;627
1;12:11;522
2;12:11;608
3;12:11;648
4;12:11;650
5;12:11;626
6;12:11;535
7;12:11;658
8;12:11;631
9;12:11;602
10;12:11;665
11;12:11;560
12;12:11;660
13;12:11;628
14;12:11;613
15;12:11;637
16;12:11;649
1;12:12;538
2;12:12;651
3;12:12;650
4;12:12;628
5;12:12;648
6;12:12;531
7;12:12;645
8;12:12;610
9;12:12;639
10;12:12;634
11;12:12;528
12;12:12;646
13;12:12;630
14;12:12;602
15;12:12;661
16;12:12;641
1;12:13;522
2;12:13;617
3;12:13;658
4;12:13;610
5;12:13;659
6;12:13;530
7;12:13;657
8;12:13;670
9;12:13;658
10;12:13;619
11;12:13;543
12;12:13;630
13;12:13;606
14;12:13;619
15;12:13;659
16;12:13;602
1;12:14;505
2;12:14;627
3;12:14;629
4;12:14;645
5;12:14;641
6;12:14;503
7;12:14;634
8;12:14;661
9;12:14;612
10;12:14;640
11;12:14;563
12;12:14;653
13;12:14;644
14;12:14;635
15;12:14;602
16;12:14;636
1;12:15;504
2;12:15;659
3;12:15;635
4;12:15;635
5;12:15;630
6;12:15;520
7;12:15;624
8;12:15;643
9;12:15;656
10;12:15;657
11;12:15;530
12;12:15;651
13;12:15;601
14;12:15;608
15;12:15;614
16;12:15;654
1;12:16;502
2;12:16;608
3;12:16;645
4;12:16;638
5;12:16;630
6;12:16;537
7;12:16;645
8;12:16;667
9;12:16;642
10;12:16;637
11;12:16;566
12;12:16;644
13;12:16;644
14;12:16;644
15;12:16;617
16;12:16;610
1;12:17;562
2;12:17;639
3;12:17;630
4;12:17;638
5;12:17;653
6;12:17;500
7;12:17;651
8;12:17;624
9;12:17;659
10;12:17;623
11;12:17;546
12;12:17;612
13;12:17;670
14;12:17;645
15;12:17;637
16;12:17;669
1;12:18;535
2;12:18;606
3;12:18;647
4;12:18;661
5;12:18;646
6;12:18;530
7;12:18;612
8;12:18;659
9;12:18;641
10;12:18;648
11;12:18;519
12;12:18;624
13;12:18;625
14;12:18;668
15;12:18;634
16;12:18;633
1;12:19;515
2;12:19;616
3;12:19;614
4;12:19;646
5;12:19;661
6;12:19;502
7;12:19;612
8;12:19;604
9;12:19;653
10;12:19;604
11;12:19;545
12;12:19;622
13;12:19;661
14;12:19;653
15;12:19;662
16;12:19;629
1;12:20;568
2;12:20;621
3;12:20;631
4;12:20;653
5;12:20;622
6;12:20;563
7;12:20;662
8;12:20;651
9;12:20;609
10;12:20;634
11;12:20;546
12;12:20;606
13;12:20;665
14;12:20;607
15;12:20;668
16;12:20;629
1;12:21;505
2;12:21;665
3;12:21;622
4;12:21;621
5;12:21;636
6;12:21;519
7;12:21;668
8;12:21;662
9;12:21;618
10;12:21;621
11;12:21;507
12;12:21;624
13;12:21;670
14;12:21;626
15;12:21;622
16;12:21;630
1;12:22;516
2;12:22;633
3;12:22;623
4;12:22;620
5;12:22;633
6;12:22;568
7;12:22;656
8;12:22;663
9;12:22;667
10;12:22;640
11;12:22;543
12;12:22;667
13;12:22;665
14;12:22;610
15;12:22;656
16;12:22;618
1;12:23;546
2;12:23;653
3;12:23;653
4;12:23;670
5;12:23;664
6;12:23;516
7;12:23;628
8;12:23;623
9;12:23;668
10;12:23;661
11;12:23;519
12;12:23;662
13;12:23;605
14;12:23;632
15;12:23;650
16;12:23;669
1;12:24;532
2;12:24;620
3;12:24;659
4;12:24;666
5;12:24;630
6;12:24;566
7;12:24;667
8;12:24;655
9;12:24;664
10;12:24;620
11;12:24;538
12;12:24;607
13;12:24;603
14;12:24;650
15;12:24;622
16;12:24;659
1;12:25;519
2;12:25;644
3;12:25;604
4;12:25;621
5;12:25;666
6;12:25;544
7;12:25;647
8;12:25;626
9;12:25;655
10;12:25;653
11;12:25;546
12;12:25;665
13;12:25;604
14;12:25;634
15;12:25;651
16;12:25;631
1;12:26;523
2;12:26;607
3;12:26;646
4;12:26;605
5;12:26;638
6;12:26;531
7;12:26;626
8;12:26;659
9;12:26;616
10;12:26;641
11;12:26;569
12;12:26;670
13;12:26;643
14;12:26;652
15;12:26;631
16;12:26;648
1;12:27;545
2;12:27;664
3;12:27;632
4;12:27;651
5;12:27;656
6;12:27;501
7;12:27;655
8;12:27;605
9;12:27;638
10;12:27;654
11;12:27;552
12;12:27;621
13;12:27;606
14;12:27;623
15;12:27;605
16;12:27;620
1;12:28;534
2;12:28;608
3;12:28;605
4;12:28;612
5;12:28;664
6;12:28;525
7;12:28;623
8;12:28;645
9;12:28;602
10;12:28;618
11;12:28;506
12;12:28;626
13;12:28;667
14;12:28;627
15;12:28;661
16;12:28;650
1;12:29;509
2;12:29;648
3;12:29;634
4;12:29;602
5;12:29;643
6;12:29;569
7;12:29;623
8;12:29;627
9;12:29;669
10;12:29;635
11;12:29;558
12;12:29;623
13;12:29;613
14;12:29;610
15;12:29;623
16;12:29;664
1;12:30;515
2;12:30;623
3;12:30;627
4;12:30;652
5;12:30;647
6;12:30;513
7;12:30;666
8;12:30;642
9;12:30;664
10;12:30;601
11;12:30;567
12;12:30;659
13;12:30;670
14;12:30;623
15;12:30;639
16;12:30;648
1;12:31;546
2;12:31;634
3;12:31;663
4;12:31;664
5;12:31;642
6;12:31;533
7;12:31;620
8;12:31;606
9;12:31;659
10;12:31;619
11;12:31;551
12;12:31;652
13;12:31;607
14;12:31;618
15;12:31;635
16;12:31;621
1;12:32;511
2;12:32;648
3;12:32;645
4;12:32;661
5;12:32;642
6;12:32;507
7;12:32;605
8;12:32;631
9;12:32;659
10;12:32;645
11;12:32;525
12;12:32;608
13;12:32;642
14;12:32;624
15;12:32;623
16;12:32;639
1;12:33;521
2;12:33;663
3;12:33;608
4;12:33;606
5;12:33;617
6;12:33;520
7;12:33;630
8;12:33;634
9;12:33;610
10;12:33;660
11;12:33;543
12;12:33;611
13;12:33;670
14;12:33;649
15;12:33;653
16;12:33;602
1;12:34;556
2;12:34;666
3;12:34;667
4;12:34;620
5;12:34;610
6;12:34;518
7;12:34;617
8;12:34;616
9;12:34;655
10;12:34;634
11;12:34;566
12;12:34;630
13;12:34;670
14;12:34;601
15;12:34;664
16;12:34;611
1;12:35;542
2;12:35;647
3;12:35;627
4;12:35;603
5;12:35;668
6;12:35;560
7;12:35;665
8;12:35;636
9;12:35;600
10;12:35;651
11;12:35;553
12;12:35;651
13;12:35;618
14;12:35;615
15;12:35;632
16;12:35;617
1;12:36;564
2;12:36;624
3;12:36;639
4;12:36;608
5;12:36;639
6;12:36;506
7;12:36;603
8;12:36;668
9;12:36;628
10;12:36;644
11;12:36;514
12;12:36;603
13;12:36;642
14;12:36;624
15;12:36;630
16;12:36;616
1;12:37;504
2;12:37;670
3;12:37;659
4;12:37;669
5;12:37;646
6;12:37;509
7;12:37;601
8;12:37;616
9;12:37;647
10;12:37;650
11;12:37;561
12;12:37;622
13;12:37;614
14;12:37;626
15;12:37;644
16;12:37;606
1;12:38;529
2;12:38;643
3;12:38;668
4;12:38;650
5;12:38;658
6;12:38;549
7;12:38;648
8;12:38;602
9;12:38;607
10;12:38;637
11;12:38;525
12;12:38;605
13;12:38;606
14;12:38;662
15;12:38;652
16;12:38;602
1;12:39;532
2;12:39;626
3;12:39;636
4;12:39;641
5;12:39;648
6;12:39;500
7;12:39;657
8;12:39;670
9;12:39;667
10;12:39;640
11;12:39;502
12;12:39;615
13;12:39;657
14;12:39;612
15;12:39;632
16;12:39;653
1;12:40;529
2;12:40;607
3;12:40;622
4;12:40;653
5;12:40;642
6;12:40;552
7;12:40;663
8;12:40;663
9;12:40;612
10;12:40;625
11;12:40;549
12;12:40;640
13;12:40;603
14;12:40;625
15;12:40;629
16;12:40;611
1;12:41;559
2;12:41;625
3;12:41;634
4;12:41;642
5;12:41;631
6;12:41;517
7;12:41;600
8;12:41;622
9;12:41;666
10;12:41;601
11;12:41;507
12;12:41;664
13;12:41;634
14;12:41;660
15;12:41;656
16;12:41;665
1;12:42;564
2;12:42;625
3;12:42;654
4;12:42;652
5;12:42;606
6;12:42;535
7;12:42;663
8;12:42;634
9;12:42;615
10;12:42;624
11;12:42;521
12;12:42;662
13;12:42;655
14;12:42;627
15;12:42;633
16;12:42;644
1;12:43;521
2;12:43;654
3;12:43;653
4;12:43;645
5;12:43;657
6;12:43;537
7;12:43;655
8;12:43;650
9;12:43;601
10;12:43;641
11;12:43;510
12;12:43;632
13;12:43;660
14;12:43;644
15;12:43;651
16;12:43;622
1;12:44;569
2;12:44;618
3;12:44;606
4;12:44;635
5;12:44;647
6;12:44;513
7;12:44;653
8;12:44;620
9;12:44;605
10;12:44;668
11;12:44;531
12;12:44;613
13;12:44;645
14;12:44;646
15;12:44;644
16;12:44;603
1;12:45;540
2;12:45;617
3;12:45;626
4;12:45;610
5;12:45;605
6;12:45;546
7;12:45;605
8;12:45;602
9;12:45;639
10;12:45;653
11;12:45;553
12;12:45;635
13;12:45;643
14;12:45;622
15;12:45;612
16;12:45;642
1;12:46;512
2;12:46;647
3;12:46;601
4;12:46;620
5;12:46;649
6;12:46;525
7;12:46;605
8;12:46;650
9;12:46;636
10;12:46;634
11;12:46;544
12;12:46;617
13;12:46;652
14;12:46;606
15;12:46;638
16;12:46;601
1;12:47;518
2;12:47;660
3;12:47;620
4;12:47;607
5;12:47;652
6;12:47;556
7;12:47;650
8;12:47;635
9;12:47;653
10;12:47;630
11;12:47;544
12;12:47;667
13;12:47;635
14;12:47;619
15;12:47;631
16;12:47;626
1;12:48;509
2;12:48;630
3;12:48;619
4;12:48;664
5;12:48;630
6;12:48;552
7;12:48;605
8;12:48;633
9;12:48;626
10;12:48;635
11;12:48;520
12;12:48;630
13;12:48;623
14;12:48;628
15;12:48;655
16;12:48;600
1;12:49;569
2;12:49;639
3;12:49;605
4;12:49;611
5;12:49;658
6;12:49;529
7;12:49;631
8;12:49;654
9;12:49;621
10;12:49;605
11;12:49;523
12;12:49;664
13;12:49;638
14;12:49;630
15;12:49;643
16;12:49;649
1;12:50;543
2;12:50;607
3;12:50;624
4;12:50;654
5;12:50;644
6;12:50;546
7;12:50;605
8;12:50;619
9;12:50;601
10;12:50;618
11;12:50;510
12;12:50;636
13;12:50;623
14;12:50;643
15;12:50;628
16;12:50;635
1;12:51;520
2;12:51;666
3;12:51;655
4;12:51;645
5;12:51;601
6;12:51;550
7;12:51;602
8;12:51;619
9;12:51;667
10;12:51;625
11;12:51;526
12;12:51;667
13;12:51;645
14;12:51;607
15;12:51;613
16;12:51;601
1;12:52;553
2;12:52;631
3;12:52;611
4;12:52;662
5;12:52;654
6;12:52;556
7;12:52;665
8;12:52;636
9;12:52;669
10;12:52;664
11;12:52;500
12;12:52;668
13;12:52;659
14;12:52;608
15;12:52;637
16;12:52;663
1;12:53;501
2;12:53;627
3;12:53;614
4;12:53;612
5;12:53;663
6;12:53;568
7;12:53;632
8;12:53;666
9;12:53;647
10;12:53;631
11;12:53;531
12;12:53;617
13;12:53;625
14;12:53;634
15;12:53;611
16;12:53;645
1;12:54;544
2;12:54;613
3;12:54;627
4;12:54;654
5;12:54;638
6;12:54;512
7;12:54;669
8;12:54;643
9;12:54;621
10;12:54;606
11;12:54;535
12;12:54;660
13;12:54;656
14;12:54;647
15;12:54;613
16;12:54;620
1;12:55;534
2;12:55;652
3;12:55;647
4;12:55;637
5;12:55;649
6;12:55;545
7;12:55;658
8;12:55;643
9;12:55;656
10;12:55;630
11;12:55;545
12;12:55;649
13;12:55;666
14;12:55;670
15;12:55;610
16;12:55;651
1;12:56;533
2;12:56;622
3;12:56;621
4;12:56;658
5;12:56;625
6;12:56;513
7;12:56;661
8;12:56;632
9;12:56;651
10;12:56;668
11;12:56;569
12;12:56;670
13;12:56;613
14;12:56;654
15;12:56;619
16;12:56;640
1;12:57;568
2;12:57;615
3;12:57;664
4;12:57;641
5;12:57;657
6;12:57;526
7;12:57;615
8;12:57;628
9;12:57;657
10;12:57;623
11;12:57;541
12;12:57;623
13;12:57;639
14;12:57;639
15;12:57;652
16;12:57;621
1;12:58;532
2;12:58;659
3;12:58;668
4;12:58;604
5;12:58;617
6;12:58;564
7;12:58;660
8;12:58;626
9;12:58;642
10;12:58;662
11;12:58;523
12;12:58;601
13;12:58;657
14;12:58;670
15;12:58;645
16;12:58;609
1;12:59;557
2;12:59;656
3;12:59;631
4;12:59;656
5;12:59;639
6;12:59;522
7;12:59;646
8;12:59;622
9;12:59;658
10;12:59;600
11;12:59;532
12;12:59;651
13;12:59;627
14;12:59;605
15;12:59;614
16;12:59;650
1;13:00;509
2;13:00;640
3;13:00;613
4;13:00;627
5;13:00;619
6;13:00;532
7;13:00;642
8;13:00;613
9;13:00;627
10;13:00;614
11;13:00;535
12;13:00;617
13;13:00;603
14;13:00;656
15;13:00;632
16;13:00;647
1;13:01;546
2;13:01;610
3;13:01;627
4;13:01;659
5;13:01;657
6;13:01;557
7;13:01;620
8;13:01;606
9;13:01;646
10;13:01;668
11;13:01;559
12;13:01;630
13;13:01;613
14;13:01;642
15;13:01;630
16;13:01;667
1;13:02;559
2;13:02;606
3;13:02;657
4;13:02;664
5;13:02;648
6;13:02;570
7;13:02;618
8;13:02;624
9;13:02;617
10;13:02;650
11;13:02;563
12;13:02;669
13;13:02;653
14;13:02;623
15;13:02;621
16;13:02;658
1;13:03;521
2;13:03;644
3;13:03;644
4;13:03;604
5;13:03;652
6;13:03;552
7;13:03;627
8;13:03;650
9;13:03;653
10;13:03;619
11;13:03;506
12;13:03;614
13;13:03;630
14;13:03;600
15;13:03;663
16;13:03;631
1;13:04;522
2;13:04;625
3;13:04;668
4;13:04;646
5;13:04;625
6;13:04;544
7;13:04;624
8;13:04;616
9;13:04;620
10;13:04;615
11;13:04;531
12;13:04;638
13;13:04;604
14;13:04;616
15;13:04;609
16;13:04;629
1;13:05;531
2;13:05;613
3;13:05;631
4;13:05;651
5;13:05;657
6;13:05;563
7;13:05;638
8;13:05;609
9;13:05;640
10;13:05;661
11;13:05;559
12;13:05;629
13;13:05;604
14;13:05;619
15;13:05;601
16;13:05;635
1;13:06;516
2;13:06;638
3;13:06;640
4;13:06;668
5;13:06;612
6;13:06;543
7;13:06;663
8;13:06;637
9;13:06;624
10;13:06;623
11;13:06;511
12;13:06;606
13;13:06;608
14;13:06;606
15;13:06;656
16;13:06;647
1;13:07;551
2;13:07;652
3;13:07;649
4;13:07;644
5;13:07;610
6;13:07;554
7;13:07;617
8;13:07;651
9;13:07;669
10;13:07;642
11;13:07;551
12;13:07;670
13;13:07;650
14;13:07;668
15;13:07;610
16;13:07;615
1;13:08;510
2;13:08;613
3;13:08;627
4;13:08;638
5;13:08;635
6;13:08;555
7;13:08;628
8;13:08;660
9;13:08;615
10;13:08;661
11;13:08;568
12;13:08;614
13;13:08;628
14;13:08;662
15;13:08;669
16;13:08;619
1;13:09;519
2;13:09;644
3;13:09;654
4;13:09;625
5;13:09;649
6;13:09;515
7;13:09;662
8;13:09;647
9;13:09;657
10;13:09;660
11;13:09;555
12;13:09;654
13;13:09;624
14;13:09;624
15;13:09;653
16;13:09;615
1;13:10;516
2;13:10;626
3;13:10;634
4;13:10;606
5;13:10;653
6;13:10;506
7;13:10;630
8;13:10;652
9;13:10;660
10;13:10;604
11;13:10;533
12;13:10;638
13;13:10;615
14;13:10;664
15;13:10;602
16;13:10;621
1;13:11;561
2;13:11;632
3;13:11;629
4;13:11;660
5;13:11;656
6;13:11;509
7;13:11;600
8;13:11;635
9;13:11;660
10;13:11;620
11;13:11;558
12;13:11;637
13;13:11;613
14;13:11;626
15;13:11;659
16;13:11;613
1;13:12;509
2;13:12;604
3;13:12;611
4;13:12;612
5;13:12;633
6;13:12;522
7;13:12;635
8;13:12;638
9;13:12;647
10;13:12;624
11;13:12;562
12;13:12;613
13;13:12;647
14;13:12;614
15;13:12;613
16;13:12;636
1;13:13;556
2;13:13;638
3;13:13;642
4;13:13;617
5;13:13;645
6;13:13;529
7;13:13;616
8;13:13;666
9;13:13;645
10;13:13;670
11;13:13;548
12;13:13;614
13;13:13;664
14;13:13;665
15;13:13;603
16;13:13;648
1;13:14;541
2;13:14;629
3;13:14;633
4;13:14;654
5;13:14;606
6;13:14;539
7;13:14;609
8;13:14;610
9;13:14;667
10;13:14;662
11;13:14;523
12;13:14;661
13;13:14;667
14;13:14;636
15;13:14;655
16;13:14;621
1;13:15;546
2;13:15;655
3;13:15;668
4;13:15;658
5;13:15;661
6;13:15;556
7;13:15;633
8;13:15;653
9;13:15;655
10;13:15;646
11;13:15;534
12;13:15;601
13;13:15;634
14;13:15;601
15;13:15;610
16;13:15;614
1;13:16;531
2;13:16;646
3;13:16;607
4;13:16;621
5;13:16;649
6;13:16;561
7;13:16;606
8;13:16;609
9;13:16;642
10;13:16;621
11;13:16;563
12;13:16;638
13;13:16;608
14;13:16;651
15;13:16;635
16;13:16;650
1;13:17;570
2;13:17;614
3;13:17;605
4;13:17;656
5;13:17;657
6;13:17;559
7;13:17;601
8;13:17;604
9;13:17;631
10;13:17;653
11;13:17;510
12;13:17;619
13;13:17;623
14;13:17;616
15;13:17;632
16;13:17;661
1;13:18;502
2;13:18;635
3;13:18;634
4;13:18;632
5;13:18;617
6;13:18;568
7;13:18;614
8;13:18;656
9;13:18;603
10;13:18;630
11;13:18;559
12;13:18;613
13;13:18;661
14;13:18;665
15;13:18;657
16;13:18;620
1;13:19;515
2;13:19;620
3;13:19;670
4;13:19;616
5;13:19;642
6;13:19;566
7;13:19;651
8;13:19;650
9;13:19;648
10;13:19;641
11;13:19;524
12;13:19;668
13;13:19;644
14;13:19;666
15;13:19;600
16;13:19;655
1;13:20;512
2;13:20;620
3;13:20;603
4;13:20;630
5;13:20;607
6;13:20;550
7;13:20;658
8;13:20;646
9;13:20;644
10;13:20;640
11;13:20;542
12;13:20;600
13;13:20;664
14;13:20;635
15;13:20;665
16;13:20;658
1;13:21;514
2;13:21;661
3;13:21;619
4;13:21;632
5;13:21;603
6;13:21;532
7;13:21;609
8;13:21;606
9;13:21;617
10;13:21;646
11;13:21;517
12;13:21;658
13;13:21;603
14;13:21;668
15;13:21;650
16;13:21;660
1;13:22;526
2;13:22;619
3;13:22;663
4;13:22;634
5;13:22;612
6;13:22;504
7;13:22;612
8;13:22;662
9;13:22;615
10;13:22;654
11;13:22;500
12;13:22;669
13;13:22;623
14;13:22;669
15;13:22;605
16;13:22;668
1;13:23;512
2;13:23;639
3;13:23;607
4;13:23;648
5;13:23;602
6;13:23;537
7;13:23;625
8;13:23;607
9;13:23;657
10;13:23;652
11;13:23;564
12;13:23;652
13;13:23;606
14;13:23;657
15;13:23;663
16;13:23;642
1;13:24;535
2;13:24;657
3;13:24;628
4;13:24;606
5;13:24;611
6;13:24;566
7;13:24;604
8;13:24;627
9;13:24;668
10;13:24;646
11;13:24;545
12;13:24;660
13;13:24;615
14;13:24;640
15;13:24;628
16;13:24;611
1;13:25;553
2;13:25;662
3;13:25;623
4;13:25;611
5;13:25;666
6;13:25;518
7;13:25;654
8;13:25;630
9;13:25;624
10;13:25;647
11;13:25;549
12;13:25;643
13;13:25;603
14;13:25;654
15;13:25;607
16;13:25;628
1;13:26;561
2;13:26;646
3;13:26;641
4;13:26;610
5;13:26;623
6;13:26;526
7;13:26;613
8;13:26;666
9;13:26;629
10;13:26;659
11;13:26;521
12;13:26;635
13;13:26;667
14;13:26;657
15;13:26;604
16;13:26;616
1;13:27;546
2;13:27;616
3;13:27;625
4;13:27;608
5;13:27;652
6;13:27;567
7;13:27;647
8;13:27;662
9;13:27;637
10;13:27;610
11;13:27;502
12;13:27;657
13;13:27;659
14;13:27;623
15;13:27;605
16;13:27;629
1;13:28;549
2;13:28;657
3;13:28;663
4;13:28;664
5;13:28;638
6;13:28;557
7;13:28;647
8;13:28;666
9;13:28;602
10;13:28;623
11;13:28;540
12;13:28;617
13;13:28;623
14;13:28;618
15;13:28;639
16;13:28;652
1;13:29;540
2;13:29;642
3;13:29;619
4;13:29;663
5;13:29;647
6;13:29;504
7;13:29;628
8;13:29;642
9;13:29;623
10;13:29;645
11;13:29;518
12;13:29;605
13;13:29;657
14;13:29;628
15;13:29;659
16;13:29;628
1;13:30;547
2;13:30;646
3;13:30;653
4;13:30;664
5;13:30;630
6;13:30;527
7;13:30;666
8;13:30;650
9;13:30;658
10;13:30;603
11;13:30;501
12;13:30;621
13;13:30;600
14;13:30;619
15;13:30;627
16;13:30;631
1;13:31;523
2;13:31;607
3;13:31;670
4;13:31;617
5;13:31;612
6;13:31;536
7;13:31;645
8;13:31;639
9;13:31;640
10;13:31;631
11;13:31;516
12;13:31;661
13;13:31;656
14;13:31;639
15;13:31;670
16;13:31;647
1;13:32;528
2;13:32;659
3;13:32;616
4;13:32;630
5;13:32;633
6;13:32;558
7;13:32;639
8;13:32;638
9;13:32;613
10;13:32;630
11;13:32;569
12;13:32;640
13;13:32;613
14;13:32;650
15;13:32;646
16;13:32;603
1;13:33;510
2;13:33;605
3;13:33;604
4;13:33;620
5;13:33;639
6;13:33;566
7;13:33;635
8;13:33;636
9;13:33;654
10;13:33;656
11;13:33;501
12;13:33;614
13;13:33;612
14;13:33;627
15;13:33;624
16;13:33;633
1;13:34;536
2;13:34;602
3;13:34;626
4;13:34;610
5;13:34;634
6;13:34;511
7;13:34;605
8;13:34;663
9;13:34;636
10;13:34;659
11;13:34;523
12;13:34;614
13;13:34;646
14;13:34;650
15;13:34;646
16;13:34;614
1;13:35;537
2;13:35;632
3;13:35;601
4;13:35;638
5;13:35;664
6;13:35;545
7;13:35;623
8;13:35;647
9;13:35;636
10;13:35;602
11;13:35;521
12;13:35;670
13;13:35;635
14;13:35;661
15;13:35;664
16;13:35;639
1;13:36;532
2;13:36;605
3;13:36;602
4;13:36;647
5;13:36;634
6;13:36;525
7;13:36;635
8;13:36;600
9;13:36;670
10;13:36;645
11;13:36;560
12;13:36;621
13;13:36;658
14;13:36;637
15;13:36;610
16;13:36;663
1;13:37;542
2;13:37;655
3;13:37;667
4;13:37;622
5;13:37;658
6;13:37;555
7;13:37;637
8;13:37;623
9;13:37;635
10;13:37;625
11;13:37;512
12;13:37;602
13;13:37;648
14;13:37;655
15;13:37;630
16;13:37;658
1;13:38;550
2;13:38;669
3;13:38;641
4;13:38;654
5;13:38;631
6;13:38;526
7;13:38;617
8;13:38;661
9;13:38;652
10;13:38;650
11;13:38;553
12;13:38;668
13;13:38;649
14;13:38;618
15;13:38;632
16;13:38;602
1;13:39;547
2;13:39;609
3;13:39;613
4;13:39;622
5;13:39;663
6;13:39;525
7;13:39;637
8;13:39;654
9;13:39;662
10;13:39;610
11;13:39;543
12;13:39;624
13;13:39;615
14;13:39;668
15;13:39;654
16;13:39;620
1;13:40;557
2;13:40;667
3;13:40;604
4;13:40;650
5;13:40;640
6;13:40;532
7;13:40;666
8;13:40;666
9;13:40;666
10;13:40;609
11;13:40;546
12;13:40;636
13;13:40;622
14;13:40;644
15;13:40;654
16;13:40;638
1;13:41;543
2;13:41;660
3;13:41;611
4;13:41;611
5;13:41;645
6;13:41;553
7;13:41;611
8;13:41;600
9;13:41;663
10;13:41;610
11;13:41;541
12;13:41;642
13;13:41;623
14;13:41;642
15;13:41;638
16;13:41;628
1;13:42;516
2;13:42;658
3;13:42;651
4;13:42;620
5;13:42;670
6;13:42;506
7;13:42;661
8;13:42;640
9;13:42;616
10;13:42;643
11;13:42;525
12;13:42;659
13;13:42;614
14;13:42;661
15;13:42;605
16;13:42;601
1;13:43;569
2;13:43;636
3;13:43;616
4;13:43;615
5;13:43;651
6;13:43;512
7;13:43;604
8;13:43;650
9;13:43;604
10;13:43;622
11;13:43;550
12;13:43;656
13;13:43;621
14;13:43;624
15;13:43;657
16;13:43;606
1;13:44;545
2;13:44;632
3;13:44;622
4;13:44;621
5;13:44;661
6;13:44;548
7;13:44;616
8;13:44;638
9;13:44;653
10;13:44;651
11;13:44;500
12;13:44;659
13;13:44;667
14;13:44;632
15;13:44;611
16;13:44;642
1;13:45;514
2;13:45;633
3;13:45;602
4;13:45;650
5;13:45;628
6;13:45;531
7;13:45;640
8;13:45;662
9;13:45;607
10;13:45;664
11;13:45;522
12;13:45;658
13;13:45;610
14;13:45;650
15;13:45;639
16;13:45;670
1;13:46;504
2;13:46;669
3;13:46;640
4;13:46;660
5;13:46;603
6;13:46;524
7;13:46;660
8;13:46;616
9;13:46;640
10;13:46;654
11;13:46;501
12;13:46;667
13;13:46;642
14;13:46;628
15;13:46;636
16;13:46;642
1;13:47;554
2;13:47;612
3;13:47;625
4;13:47;621
5;13:47;609
6;13:47;520
7;13:47;628
8;13:47;650
9;13:47;639
10;13:47;614
11;13:47;519
12;13:47;605
13;13:47;669
14;13:47;617
15;13:47;661
16;13:47;614
1;13:48;518
2;13:48;670
3;13:48;606
4;13:48;612
5;13:48;640
6;13:48;507
7;13:48;659
8;13:48;628
9;13:48;606
10;13:48;658
11;13:48;566
12;13:48;602
13;13:48;613
14;13:48;648
15;13:48;641
16;13:48;663
1;13:49;567
2;13:49;616
3;13:49;632
4;13:49;629
5;13:49;632
6;13:49;518
7;13:49;605
8;13:49;613
9;13:49;638
10;13:49;631
11;13:49;570
12;13:49;607
13;13:49;613
14;13:49;611
15;13:49;618
16;13:49;642
1;13:50;518
2;13:50;625
3;13:50;657
4;13:50;623
5;13:50;601
6;13:50;538
7;13:50;646
8;13:50;649
9;13:50;644
10;13:50;658
11;13:50;500
12;13:50;634
13;13:50;618
14;13:50;628
15;13:50;644
16;13:50;604
1;13:51;512
2;13:51;609
3;13:51;635
4;13:51;652
5;13:51;639
6;13:51;544
7;13:51;640
8;13:51;611
9;13:51;616
10;13:51;663
11;13:51;527
12;13:51;648
13;13:51;625
14;13:51;641
15;13:51;627
16;13:51;659
1;13:52;540
2;13:52;611
3;13:52;663
4;13:52;623
5;13:52;610
6;13:52;509
7;13:52;602
8;13:52;601
9;13:52;664
10;13:52;629
11;13:52;542
12;13:52;617
13;13:52;669
14;13:52;600
15;13:52;664
16;13:52;650
1;13:53;543
2;13:53;619
3;13:53;622
4;13:53;666
5;13:53;615
6;13:53;514
7;13:53;606
8;13:53;659
9;13:53;643
10;13:53;653
11;13:53;543
12;13:53;667
13;13:53;609
14;13:53;670
15;13:53;618
16;13:53;625
1;13:54;504
2;13:54;630
3;13:54;660
4;13:54;634
5;13:54;666
6;13:54;518
7;13:54;606
8;13:54;646
9;13:54;606
10;13:54;654
11;13:54;550
12;13:54;665
13;13:54;662
14;13:54;658
15;13:54;600
16;13:54;660
1;13:55;568
2;13:55;651
3;13:55;612
4;13:55;610
5;13:55;605
6;13:55;510
7;13:55;609
8;13:55;620
9;13:55;623
10;13:55;620
11;13:55;501
12;13:55;603
13;13:55;622
14;13:55;619
15;13:55;665
16;13:55;661
1;13:56;533
2;13:56;659
3;13:56;635
4;13:56;647
5;13:56;610
6;13:56;561
7;13:56;609
8;13:56;666
9;13:56;665
10;13:56;610
11;13:56;550
12;13:56;603
13;13:56;667
14;13:56;608
15;13:56;629
16;13:56;668
1;13:57;526
2;13:57;663
3;13:57;631
4;13:57;621
5;13:57;621
6;13:57;564
7;13:57;642
8;13:57;657
9;13:57;628
10;13:57;659
11;13:57;519
12;13:57;602
13;13:57;668
14;13:57;646
15;13:57;612
16;13:57;656
1;13:58;549
2;13:58;643
3;13:58;605
4;13:58;669
5;13:58;661
6;13:58;562
7;13:58;633
8;13:58;616
9;13:58;648
10;13:58;665
11;13:58;509
12;13:58;660
13;13:58;665
14;13:58;601
15;13:58;613
16;13:58;601
1;13:59;521
2;13:59;657
3;13:59;638
4;13:59;624
5;13:59;659
6;13:59;562
7;13:59;663
8;13:59;645
9;13:59;610
10;13:59;654
11;13:59;551
12;13:59;654
13;13:59;626
14;13:59;624
15;13:59;618
16;13:59;613
1;14:00;548
2;14:00;642
3;14:00;670
4;14:00;626
5;14:00;654
6;14:00;540
7;14:00;660
8;14:00;658
9;14:00;622
10;14:00;611
11;14:00;529
12;14:00;601
13;14:00;629
14;14:00;628
15;14:00;608
16;14:00;640
1;14:01;494
2;14:01;605
3;14:01;612
4;14:01;582
5;14:01;563
6;14:01;453
7;14:01;610
8;14:01;590
9;14:01;571
10;14:01;591
11;14:01;505
12;14:01;557
13;14:01;619
14;14:01;579
15;14:01;610
16;14:01;555
1;14:02;459
2;14:02;562
3;14:02;576
4;14:02;620
5;14:02;565
6;14:02;519
7;14:02;617
8;14:02;612
9;14:02;582
10;14:02;564
11;14:02;473
12;14:02;598
13;14:02;579
14;14:02;614
15;14:02;578
16;14:02;586
1;14:03;504
2;14:03;609
3;14:03;614
4;14:03;616
5;14:03;607
6;14:03;480
7;14:03;616
8;14:03;597
9;14:03;596
10;14:03;550
11;14:03;473
12;14:03;570
13;14:03;568
14;14:03;591
15;14:03;561
16;14:03;550
1;14:04;470
2;14:04;588
3;14:04;616
4;14:04;562
5;14:04;613
6;14:04;474
7;14:04;556
8;14:04;610
9;14:04;601
10;14:04;558
11;14:04;481
12;14:04;600
13;14:04;566
14;14:04;567
15;14:04;596
16;14:04;557
1;14:05;520
2;14:05;552
3;14:05;597
4;14:05;573
5;14:05;600
6;14:05;457
7;14:05;555
8;14:05;578
9;14:05;599
10;14:05;570
11;14:05;480
12;14:05;559
13;14:05;596
14;14:05;574
15;14:05;568
16;14:05;610
1;14:06;512
2;14:06;568
3;14:06;574
4;14:06;554
5;14:06;601
6;14:06;508
7;14:06;610
8;14:06;590
9;14:06;609
10;14:06;550
11;14:06;493
12;14:06;552
13;14:06;560
14;14:06;558
15;14:06;584
16;14:06;584
1;14:07;472
2;14:07;566
3;14:07;617
4;14:07;610
5;14:07;559
6;14:07;495
7;14:07;595
8;14:07;556
9;14:07;614
10;14:07;577
11;14:07;499
12;14:07;551
13;14:07;582
14;14:07;585
15;14:07;561
16;14:07;593
1;14:08;461
2;14:08;562
3;14:08;574
4;14:08;567
5;14:08;620
6;14:08;511
7;14:08;555
8;14:08;604
9;14:08;562
10;14:08;602
11;14:08;484
12;14:08;561
13;14:08;613
14;14:08;593
15;14:08;569
16;14:08;565
1;14:09;492
2;14:09;616
3;14:09;555
4;14:09;594
5;14:09;605
6;14:09;465
7;14:09;572
8;14:09;578
9;14:09;585
10;14:09;580
11;14:09;457
12;14:09;609
13;14:09;574
14;14:09;618
15;14:09;550
16;14:09;553
1;14:10;500
2;14:10;556
3;14:10;600
4;14:10;590
5;14:10;565
6;14:10;454
7;14:10;608
8;14:10;562
9;14:10;587
10;14:10;592
11;14:10;500
12;14:10;569
13;14:10;578
14;14:10;597
15;14:10;571
16;14:10;559
1;14:11;508
2;14:11;616
3;14:11;552
4;14:11;578
5;14:11;567
6;14:11;456
7;14:11;586
8;14:11;615
9;14:11;576
10;14:11;603
11;14:11;488
12;14:11;581
13;14:11;619
14;14:11;557
15;14:11;617
16;14:11;569
1;14:12;456
2;14:12;574
3;14:12;565
4;14:12;610
5;14:12;578
6;14:12;466
7;14:12;583
8;14:12;565
9;14:12;590
10;14:12;600
11;14:12;474
12;14:12;574
13;14:12;558
14;14:12;561
15;14:12;566
16;14:12;608
1;14:13;490
2;14:13;600
3;14:13;590
4;14:13;612
5;14:13;554
6;14:13;482
7;14:13;557
8;14:13;598
9;14:13;575
10;14:13;561
11;14:13;508
12;14:13;602
13;14:13;608
14;14:13;553
15;14:13;592
16;14:13;558
1;14:14;507
2;14:14;568
3;14:14;560
4;14:14;592
5;14:14;588
6;14:14;460
7;14:14;604
8;14:14;555
9;14:14;615
10;14:14;590
11;14:14;459
12;14:14;587
13;14:14;602
14;14:14;580
15;14:14;572
16;14:14;567
1;14:15;455
2;14:15;561
3;14:15;620
4;14:15;588
5;14:15;599
6;14:15;494
7;14:15;592
8;14:15;567
9;14:15;575
10;14:15;584
11;14:15;465
12;14:15;559
13;14:15;589
14;14:15;564
15;14:15;569
16;14:15;581
1;14:16;502
2;14:16;589
3;14:16;583
4;14:16;591
5;14:16;562
6;14:16;495
7;14:16;590
8;14:16;558
9;14:16;563
10;14:16;604
11;14:16;481
12;14:16;606
13;14:16;593
14;14:16;556
15;14:16;576
16;14:16;584
1;14:17;490
2;14:17;614
3;14:17;604
4;14:17;555
5;14:17;550
6;14:17;459
7;14:17;608
8;14:17;590
9;14:17;569
10;14:17;574
11;14:17;490
12;14:17;594
13;14:17;615
14;14:17;574
15;14:17;584
16;14:17;572
1;14:18;453
2;14:18;578
3;14:18;558
4;14:18;556
5;14:18;569
6;14:18;476
7;14:18;559
8;14:18;596
9;14:18;560
10;14:18;594
11;14:18;465
12;14:18;585
13;14:18;554
14;14:18;554
15;14:18;582
16;14:18;564
1;14:19;476
2;14:19;619
3;14:19;566
4;14:19;556
5;14:19;577
6;14:19;469
7;14:19;572
8;14:19;606
9;14:19;577
10;14:19;615
11;14:19;498
12;14:19;600
13;14:19;602
14;14:19;615
15;14:19;556
16;14:19;565
1;14:20;455
2;14:20;614
3;14:20;617
4;14:20;610
5;14:20;602
6;14:20;492
7;14:20;604
8;14:20;600
9;14:20;556
10;14:20;594
11;14:20;474
12;14:20;562
13;14:20;551
14;14:20;618
15;14:20;582
16;14:20;576
1;14:21;520
2;14:21;590
3;14:21;593
4;14:21;609
5;14:21;598
6;14:21;451
7;14:21;570
8;14:21;556
9;14:21;553
10;14:21;561
11;14:21;485
12;14:21;578
13;14:21;595
14;14:21;613
15;14:21;557
16;14:21;572
1;14:22;464
2;14:22;573
3;14:22;617
4;14:22;568
5;14:22;608
6;14:22;486
7;14:22;585
8;14:22;564
9;14:22;576
10;14:22;555
11;14:22;471
12;14:22;610
13;14:22;596
14;14:22;598
15;14:22;553
16;14:22;565
1;14:23;452
2;14:23;608
3;14:23;605
4;14:23;588
5;14:23;606
6;14:23;491
7;14:23;594
8;14:23;557
9;14:23;587
10;14:23;599
11;14:23;458
12;14:23;563
13;14:23;582
14;14:23;601
15;14:23;574
16;14:23;619
1;14:24;503
2;14:24;586
3;14:24;603
4;14:24;613
5;14:24;606
6;14:24;513
7;14:24;565
8;14:24;599
9;14:24;603
10;14:24;591
11;14:24;497
12;14:24;573
13;14:24;603
14;14:24;562
15;14:24;587
16;14:24;559
1;14:25;518
2;14:25;606
3;14:25;571
4;14:25;594
5;14:25;553
6;14:25;516
7;14:25;596
8;14:25;599
9;14:25;585
10;14:25;601
11;14:25;510
12;14:25;559
13;14:25;618
14;14:25;582
15;14:25;572
16;14:25;571
1;14:26;486
2;14:26;575
3;14:26;613
4;14:26;553
5;14:26;603
6;14:26;475
7;14:26;558
8;14:26;590
9;14:26;607
10;14:26;585
11;14:26;504
12;14:26;585
13;14:26;582
14;14:26;572
15;14:26;604
16;14:26;615
1;14:27;503
2;14:27;566
3;14:27;559
4;14:27;620
5;14:27;619
6;14:27;462
7;14:27;553
8;14:27;617
9;14:27;581
10;14:27;569
11;14:27;492
12;14:27;614
13;14:27;596
14;14:27;595
15;14:27;619
16;14:27;565
1;14:28;504
2;14:28;563
3;14:28;564
4;14:28;583
5;14:28;610
6;14:28;512
7;14:28;588
8;14:28;585
9;14:28;577
10;14:28;598
11;14:28;516
12;14:28;552
13;14:28;590
14;14:28;606
15;14:28;588
16;14:28;564
1;14:29;516
2;14:29;578
3;14:29;576
4;14:29;578
5;14:29;554
6;14:29;504
7;14:29;599
8;14:29;564
9;14:29;600
10;14:29;605
11;14:29;498
12;14:29;616
13;14:29;555
14;14:29;563
15;14:29;562
16;14:29;608
1;14:30;495
2;14:30;553
3;14:30;574
4;14:30;571
5;14:30;598
6;14:30;493
7;14:30;595
8;14:30;554
9;14:30;578
10;14:30;550
11;14:30;504
12;14:30;567
13;14:30;590
14;14:30;575
15;14:30;567
16;14:30;578
1;14:31;518
2;14:31;605
3;14:31;604
4;14:31;605
5;14:31;593
6;14:31;520
7;14:31;577
8;14:31;609
9;14:31;585
10;14:31;587
11;14:31;459
12;14:31;566
13;14:31;550
14;14:31;557
15;14:31;560
16;14:31;592
1;14:32;510
2;14:32;568
3;14:32;590
4;14:32;553
5;14:32;617
6;14:32;451
7;14:32;617
8;14:32;592
9;14:32;602
10;14:32;596
11;14:32;452
12;14:32;588
13;14:32;602
14;14:32;569
15;14:32;569
16;14:32;598
1;14:33;476
2;14:33;559
3;14:33;552
4;14:33;577
5;14:33;602
6;14:33;466
7;14:33;592
8;14:33;601
9;14:33;619
10;14:33;615
11;14:33;450
12;14:33;559
13;14:33;608
14;14:33;589
15;14:33;618
16;14:33;594
1;14:34;468
2;14:34;574
3;14:34;586
4;14:34;608
5;14:34;603
6;14:34;493
7;14:34;617
8;14:34;552
9;14:34;582
10;14:34;568
11;14:34;467
12;14:34;569
13;14:34;586
14;14:34;570
15;14:34;589
16;14:34;584
1;14:35;512
2;14:35;600
3;14:35;568
4;14:35;609
5;14:35;550
6;14:35;501
7;14:35;583
8;14:35;594
9;14:35;598
10;14:35;577
11;14:35;510
12;14:35;560
13;14:35;563
14;14:35;588
15;14:35;607
16;14:35;573
1;14:36;491
2;14:36;580
3;14:36;612
4;14:36;576
5;14:36;585
6;14:36;495
7;14:36;585
8;14:36;605
9;14:36;581
10;14:36;608
11;14:36;482
12;14:36;615
13;14:36;573
14;14:36;598
15;14:36;595
16;14:36;557
1;14:37;489
2;14:37;572
3;14:37;570
4;14:37;620
5;14:37;574
6;14:37;478
7;14:37;577
8;14:37;598
9;14:37;554
10;14:37;569
11;14:37;520
12;14:37;552
13;14:37;586
14;14:37;606
15;14:37;593
16;14:37;570
1;14:38;456
2;14:38;554
3;14:38;550
4;14:38;550
5;14:38;619
6;14:38;512
7;14:38;579
8;14:38;596
9;14:38;596
10;14:38;614
11;14:38;461
12;14:38;582
13;14:38;620
14;14:38;579
15;14:38;565
16;14:38;614
1;14:39;501
2;14:39;575
3;14:39;565
4;14:39;585
5;14:39;566
6;14:39;478
7;14:39;551
8;14:39;580
9;14:39;593
10;14:39;614
11;14:39;452
12;14:39;619
13;14:39;596
14;14:39;592
15;14:39;567
16;14:39;567
1;14:40;455
2;14:40;569
3;14:40;614
4;14:40;558
5;14:40;585
6;14:40;499
7;14:40;550
8;14:40;572
9;14:40;618
10;14:40;559
11;14:40;501
12;14:40;568
13;14:40;553
14;14:40;574
15;14:40;580
16;14:40;587
1;14:41;520
2;14:41;572
3;14:41;619
4;14:41;554
5;14:41;557
6;14:41;461
7;14:41;551
8;14:41;573
9;14:41;586
10;14:41;560
11;14:41;465
12;14:41;563
13;14:41;561
14;14:41;576
15;14:41;583
16;14:41;580
1;14:42;495
2;14:42;590
3;14:42;594
4;14:42;570
5;14:42;561
6;14:42;452
7;14:42;593
8;14:42;619
9;14:42;551
10;14:42;611
11;14:42;459
12;14:42;552
13;14:42;555
14;14:42;590
15;14:42;596
16;14:42;613
1;14:43;464
2;14:43;587
3;14:43;608
4;14:43;565
5;14:43;578
6;14:43;505
7;14:43;617
8;14:43;551
9;14:43;608
10;14:43;586
11;14:43;508
12;14:43;559
13;14:43;559
14;14:43;614
15;14:43;572
16;14:43;574
1;14:44;506
2;14:44;613
3;14:44;600
4;14:44;604
5;14:44;558
6;14:44;483
7;14:44;574
8;14:44;599
9;14:44;611
10;14:44;596
11;14:44;498
12;14:44;569
13;14:44;560
14;14:44;602
15;14:44;587
16;14:44;589
1;14:45;493
2;14:45;565
3;14:45;613
4;14:45;593
5;14:45;578
6;14:45;484
7;14:45;595
8;14:45;602
9;14:45;563
10;14:45;586
11;14:45;486
12;14:45;562
13;14:45;579
14;14:45;550
15;14:45;582
16;14:45;604
1;14:46;451
2;14:46;618
3;14:46;558
4;14:46;555
5;14:46;561
6;14:46;460
7;14:46;606
8;14:46;600
9;14:46;562
10;14:46;592
11;14:46;491
12;14:46;593
13;14:46;592
14;14:46;568
15;14:46;590
16;14:46;578
1;14:47;483
2;14:47;552
3;14:47;568
4;14:47;589
5;14:47;575
6;14:47;474
7;14:47;580
8;14:47;570
9;14:47;605
10;14:47;557
11;14:47;478
12;14:47;557
13;14:47;580
14;14:47;574
15;14:47;573
16;14:47;588
1;14:48;453
2;14:48;553
3;14:48;619
4;14:48;553
5;14:48;584
6;14:48;483
7;14:48;565
8;14:48;579
9;14:48;558
10;14:48;575
11;14:48;515
12;14:48;615
13;14:48;612
14;14:48;551
15;14:48;575
16;14:48;607
1;14:49;492
2;14:49;601
3;14:49;555
4;14:49;607
5;14:49;598
6;14:49;513
7;14:49;604
8;14:49;566
9;14:49;573
10;14:49;558
11;14:49;509
12;14:49;588
13;14:49;609
14;14:49;554
15;14:49;587
16;14:49;611
1;14:50;459
2;14:50;595
3;14:50;569
4;14:50;565
5;14:50;600
6;14:50;497
7;14:50;567
8;14:50;596
9;14:50;607
10;14:50;564
11;14:50;504
12;14:50;588
13;14:50;618
14;14:50;563
15;14:50;579
16;14:50;612
1;14:51;483
2;14:51;583
3;14:51;608
4;14:51;566
5;14:51;590
6;14:51;509
7;14:51;600
8;14:51;578
9;14:51;617
10;14:51;606
11;14:51;477
12;14:51;599
13;14:51;610
14;14:51;594
15;14:51;581
16;14:51;584
1;14:52;502
2;14:52;614
3;14:52;615
4;14:52;551
5;14:52;557
6;14:52;463
7;14:52;558
8;14:52;605
9;14:52;607
10;14:52;563
11;14:52;480
12;14:52;596
13;14:52;601
14;14:52;584
15;14:52;598
16;14:52;599
1;14:53;456
2;14:53;584
3;14:53;615
4;14:53;562
5;14:53;596
6;14:53;481
7;14:53;555
8;14:53;556
9;14:53;575
10;14:53;599
11;14:53;513
12;14:53;555
13;14:53;572
14;14:53;586
15;14:53;575
16;14:53;586
1;14:54;465
2;14:54;597
3;14:54;585
4;14:54;573
5;14:54;610
6;14:54;504
7;14:54;571
8;14:54;583
9;14:54;573
10;14:54;617
11;14:54;468
12;14:54;558
13;14:54;593
14;14:54;617
15;14:54;599
16;14:54;584
1;14:55;509
2;14:55;600
3;14:55;614
4;14:55;593
5;14:55;551
6;14:55;472
7;14:55;564
8;14:55;562
9;14:55;576
10;14:55;619
11;14:55;516
12;14:55;592
13;14:55;618
14;14:55;575
15;14:55;609
16;14:55;592
1;14:56;469
2;14:56;561
3;14:56;607
4;14:56;601
5;14:56;554
6;14:56;483
7;14:56;569
8;14:56;554
9;14:56;568
10;14:56;568
11;14:56;516
12;14:56;580
13;14:56;559
14;14:56;575
15;14:56;550
16;14:56;566
1;14:57;519
2;14:57;563
3;14:57;601
4;14:57;591
5;14:57;583
6;14:57;497
7;14:57;566
8;14:57;572
9;14:57;558
10;14:57;615
11;14:57;500
12;14:57;578
13;14:57;594
14;14:57;551
15;14:57;559
16;14:57;560
1;14:58;456
2;14:58;552
3;14:58;553
4;14:58;586
5;14:58;570
6;14:58;475
7;14:58;562
8;14:58;596
9;14:58;612
10;14:58;616
11;14:58;480
12;14:58;612
13;14:58;618
14;14:58;620
15;14:58;577
16;14:58;565
1;14:59;493
2;14:59;607
3;14:59;585
4;14:59;579
5;14:59;559
6;14:59;488
7;14:59;600
8;14:59;601
9;14:59;605
10;14:59;605
11;14:59;476
12;14:59;598
13;14:59;563
14;14:59;567
15;14:59;582
16;14:59;604
1;15:00;488
2;15:00;599
3;15:00;575
4;15:00;610
5;15:00;590
6;15:00;511
7;15:00;574
8;15:00;564
9;15:00;563
10;15:00;574
11;15:00;493
12;15:00;604
13;15:00;570
14;15:00;619
15;15:00;552
16;15:00;564
1;15:01;510
2;15:01;563
3;15:01;574
4;15:01;606
5;15:01;598
6;15:01;465
7;15:01;605
8;15:01;587
9;15:01;570
10;15:01;607
11;15:01;484
12;15:01;553
13;15:01;588
14;15:01;560
15;15:01;576
16;15:01;587
1;15:02;491
2;15:02;554
3;15:02;594
4;15:02;592
5;15:02;599
6;15:02;501
7;15:02;588
8;15:02;599
9;15:02;567
10;15:02;565
11;15:02;454
12;15:02;616
13;15:02;620
14;15:02;605
15;15:02;600
16;15:02;588
1;15:03;469
2;15:03;554
3;15:03;559
4;15:03;592
5;15:03;579
6;15:03;503
7;15:03;600
8;15:03;585
9;15:03;560
10;15:03;616
11;15:03;510
12;15:03;589
13;15:03;610
14;15:03;618
15;15:03;577
16;15:03;585
1;15:04;514
2;15:04;583
3;15:04;580
4;15:04;551
5;15:04;583
6;15:04;483
7;15:04;587
8;15:04;562
9;15:04;620
10;15:04;589
11;15:04;493
12;15:04;599
13;15:04;585
14;15:04;570
15;15:04;610
16;15:04;550
1;15:05;505
2;15:05;556
3;15:05;562
4;15:05;596
5;15:05;557
6;15:05;477
7;15:05;571
8;15:05;619
9;15:05;574
10;15:05;596
11;15:05;473
12;15:05;578
13;15:05;617
14;15:05;582
15;15:05;616
16;15:05;588
1;15:06;457
2;15:06;595
3;15:06;577
4;15:06;619
5;15:06;586
6;15:06;511
7;15:06;611
8;15:06;558
9;15:06;605
10;15:06;554
11;15:06;514
12;15:06;592
13;15:06;592
14;15:06;568
15;15:06;597
16;15:06;579
1;15:07;513
2;15:07;611
3;15:07;602
4;15:07;550
5;15:07;610
6;15:07;478
7;15:07;603
8;15:07;558
9;15:07;579
10;15:07;597
11;15:07;474
12;15:07;599
13;15:07;579
14;15:07;617
15;15:07;553
16;15:07;581
1;15:08;480
2;15:08;570
3;15:08;566
4;15:08;620
5;15:08;568
6;15:08;504
7;15:08;581
8;15:08;579
9;15:08;577
10;15:08;554
11;15:08;489
12;15:08;561
13;15:08;600
14;15:08;584
15;15:08;572
16;15:08;604
1;15:09;494
2;15:09;596
3;15:09;558
4;15:09;576
5;15:09;620
6;15:09;502
7;15:09;563
8;15:09;583
9;15:09;586
10;15:09;560
11;15:09;510
12;15:09;562
13;15:09;563
14;15:09;614
15;15:09;577
16;15:09;599
1;15:10;506
2;15:10;586
3;15:10;563
4;15:10;583
5;15:10;590
6;15:10;453
7;15:10;614
8;15:10;607
9;15:10;593
10;15:10;551
11;15:10;482
12;15:10;614
13;15:10;567
14;15:10;594
15;15:10;555
16;15:10;602
1;15:11;458
2;15:11;577
3;15:11;571
4;15:11;606
5;15:11;569
6;15:11;472
7;15:11;609
8;15:11;586
9;15:11;587
10;15:11;568
11;15:11;488
12;15:11;584
13;15:11;611
14;15:11;609
15;15:11;616
16;15:11;612
1;15:12;461
2;15:12;552
3;15:12;563
4;15:12;575
5;15:12;555
6;15:12;494
7;15:12;556
8;15:12;578
9;15:12;572
10;15:12;559
11;15:12;463
12;15:12;602
13;15:12;572
14;15:12;608
15;15:12;587
16;15:12;555
1;15:13;511
2;15:13;581
3;15:13;600
4;15:13;577
5;15:13;554
6;15:13;452
7;15:13;586
8;15:13;579
9;15:13;560
10;15:13;581
11;15:13;507
12;15:13;602
13;15:13;560
14;15:13;555
15;15:13;578
16;15:13;586
1;15:14;513
2;15:14;551
3;15:14;557
4;15:14;597
5;15:14;605
6;15:14;487
7;15:14;560
8;15:14;556
9;15:14;595
10;15:14;571
11;15:14;470
12;15:14;592
13;15:14;576
14;15:14;602
15;15:14;577
16;15:14;593
1;15:15;498
2;15:15;587
3;15:15;572
4;15:15;601
5;15:15;601
6;15:15;502
7;15:15;598
8;15:15;615
9;15:15;610
10;15:15;563
11;15:15;492
12;15:15;561
13;15:15;551
14;15:15;554
15;15:15;620
16;15:15;568
1;15:16;498
2;15:16;554
3;15:16;611
4;15:16;574
5;15:16;555
6;15:16;501
7;15:16;598
8;15:16;600
9;15:16;615
10;15:16;550
11;15:16;510
12;15:16;616
13;15:16;589
14;15:16;601
15;15:16;588
16;15:16;613
1;15:17;492
2;15:17;580
3;15:17;598
4;15:17;620
5;15:17;599
6;15:17;499
7;15:17;572
8;15:17;578
9;15:17;569
10;15:17;576
11;15:17;482
12;15:17;588
13;15:17;563
14;15:17;559
15;15:17;592
16;15:17;579
1;15:18;491
2;15:18;602
3;15:18;557
4;15:18;558
5;15:18;557
6;15:18;482
7;15:18;554
8;15:18;562
9;15:18;575
10;15:18;597
11;15:18;517
12;15:18;566
13;15:18;612
14;15:18;595
15;15:18;558
16;15:18;561
1;15:19;484
2;15:19;580
3;15:19;597
4;15:19;551
5;15:19;564
6;15:19;512
7;15:19;563
8;15:19;619
9;15:19;573
10;15:19;591
11;15:19;500
12;15:19;578
13;15:19;565
14;15:19;594
15;15:19;560
16;15:19;560
1;15:20;473
2;15:20;558
3;15:20;580
4;15:20;563
5;15:20;614
6;15:20;475
7;15:20;589
8;15:20;572
9;15:20;555
10;15:20;610
11;15:20;463
12;15:20;618
13;15:20;558
14;15:20;551
15;15:20;593
16;15:20;565
1;15:21;503
2;15:21;599
3;15:21;594
4;15:21;585
5;15:21;607
6;15:21;492
7;15:21;588
8;15:21;575
9;15:21;598
10;15:21;559
11;15:21;487
12;15:21;617
13;15:21;600
14;15:21;619
15;15:21;608
16;15:21;598
1;15:22;510
2;15:22;608
3;15:22;620
4;15:22;553
5;15:22;553
6;15:22;467
7;15:22;595
8;15:22;618
9;15:22;551
10;15:22;583
11;15:22;478
12;15:22;587
13;15:22;557
14;15:22;615
15;15:22;570
16;15:22;579
1;15:23;466
2;15:23;570
3;15:23;568
4;15:23;616
5;15:23;593
6;15:23;516
7;15:23;562
8;15:23;568
9;15:23;615
10;15:23;617
11;15:23;461
12;15:23;573
13;15:23;570
14;15:23;559
15;15:23;570
16;15:23;569
1;15:24;455
2;15:24;599
3;15:24;608
4;15:24;572
5;15:24;551
6;15:24;499
7;15:24;577
8;15:24;612
9;15:24;601
10;15:24;564
11;15:24;480
12;15:24;612
13;15:24;582
14;15:24;608
15;15:24;576
16;15:24;577
1;15:25;468
2;15:25;614
3;15:25;564
4;15:25;561
5;15:25;555
6;15:25;518
7;15:25;619
8;15:25;564
9;15:25;565
10;15:25;553
11;15:25;462
12;15:25;601
13;15:25;559
14;15:25;596
15;15:25;613
16;15:25;602
1;15:26;501
2;15:26;562
3;15:26;556
4;15:26;590
5;15:26;554
6;15:26;456
7;15:26;550
8;15:26;574
9;15:26;558
10;15:26;559
11;15:26;452
12;15:26;601
13;15:26;591
14;15:26;606
15;15:26;561
16;15:26;613
1;15:27;459
2;15:27;599
3;15:27;593
4;15:27;600
5;15:27;559
6;15:27;510
7;15:27;572
8;15:27;607
9;15:27;611
10;15:27;597
11;15:27;470
12;15:27;603
13;15:27;561
14;15:27;574
15;15:27;573
16;15:27;555
1;15:28;479
2;15:28;604
3;15:28;556
4;15:28;593
5;15:28;570
6;15:28;473
7;15:28;573
8;15:28;568
9;15:28;565
10;15:28;576
11;15:28;515
12;15:28;557
13;15:28;567
14;15:28;595
15;15:28;582
16;15:28;604
1;15:29;460
2;15:29;576
3;15:29;594
4;15:29;552
5;15:29;610
6;15:29;482
7;15:29;572
8;15:29;597
9;15:29;611
10;15:29;592
11;15:29;471
12;15:29;609
13;15:29;556
14;15:29;578
15;15:29;582
16;15:29;570
1;15:30;466
2;15:30;562
3;15:30;581
4;15:30;614
5;15:30;612
6;15:30;489
7;15:30;597
8;15:30;596
9;15:30;614
10;15:30;554
11;15:30;493
12;15:30;555
13;15:30;607
14;15:30;582
15;15:30;620
16;15:30;585
1;15:31;485
2;15:31;576
3;15:31;605
4;15:31;555
5;15:31;592
6;15:31;489
7;15:31;577
8;15:31;587
9;15:31;574
10;15:31;576
11;15:31;480
12;15:31;568
13;15:31;589
14;15:31;608
15;15:31;568
16;15:31;571
1;15:32;510
2;15:32;609
3;15:32;600
4;15:32;580
5;15:32;620
6;15:32;479
7;15:32;612
8;15:32;570
9;15:32;588
10;15:32;554
11;15:32;465
12;15:32;563
13;15:32;555
14;15:32;595
15;15:32;578
16;15:32;603
1;15:33;519
2;15:33;568
3;15:33;563
4;15:33;592
5;15:33;550
6;15:33;494
7;15:33;577
8;15:33;592
9;15:33;575
10;15:33;592
11;15:33;512
12;15:33;578
13;15:33;573
14;15:33;577
15;15:33;593
16;15:33;586
1;15:34;475
2;15:34;583
3;15:34;615
4;15:34;606
5;15:34;613
6;15:34;517
7;15:34;559
8;15:34;568
9;15:34;558
10;15:34;586
11;15:34;458
12;15:34;580
13;15:34;566
14;15:34;570
15;15:34;570
16;15:34;581
1;15:35;458
2;15:35;553
3;15:35;563
4;15:35;608
5;15:35;557
6;15:35;473
7;15:35;562
8;15:35;585
9;15:35;567
10;15:35;569
11;15:35;483
12;15:35;597
13;15:35;573
14;15:35;607
15;15:35;560
16;15:35;567
1;15:36;499
2;15:36;568
3;15:36;611
4;15:36;554
5;15:36;615
6;15:36;517
7;15:36;573
8;15:36;605
9;15:36;550
10;15:36;580
11;15:36;512
12;15:36;600
13;15:36;610
14;15:36;593
15;15:36;607
16;15:36;572
1;15:37;457
2;15:37;609
3;15:37;615
4;15:37;574
5;15:37;569
6;15:37;500
7;15:37;603
8;15:37;596
9;15:37;607
10;15:37;602
11;15:37;461
12;15:37;558
13;15:37;591
14;15:37;571
15;15:37;605
16;15:37;596
1;15:38;516
2;15:38;588
3;15:38;595
4;15:38;584
5;15:38;562
6;15:38;452
7;15:38;610
8;15:38;566
9;15:38;584
10;15:38;593
11;15:38;497
12;15:38;556
13;15:38;572
14;15:38;583
15;15:38;611
16;15:38;617
1;15:39;462
2;15:39;579
3;15:39;578
4;15:39;586
5;15:39;569
6;15:39;461
7;15:39;595
8;15:39;560
9;15:39;597
10;15:39;565
11;15:39;463
12;15:39;573
13;15:39;589
14;15:39;615
15;15:39;580
16;15:39;561
1;15:40;478
2;15:40;572
3;15:40;552
4;15:40;596
5;15:40;593
6;15:40;493
7;15:40;593
8;15:40;592
9;15:40;561
10;15:40;564
11;15:40;496
12;15:40;594
13;15:40;618
14;15:40;566
15;15:40;619
16;15:40;594
1;15:41;495
2;15:41;575
3;15:41;590
4;15:41;574
5;15:41;572
6;15:41;476
7;15:41;570
8;15:41;609
9;15:41;576
10;15:41;594
11;15:41;463
12;15:41;603
13;15:41;579
14;15:41;550
15;15:41;615
16;15:41;595
1;15:42;508
2;15:42;574
3;15:42;590
4;15:42;586
5;15:42;611
6;15:42;496
7;15:42;599
8;15:42;598
9;15:42;580
10;15:42;561
11;15:42;475
12;15:42;620
13;15:42;604
14;15:42;568
15;15:42;592
16;15:42;567
1;15:43;514
2;15:43;576
3;15:43;552
4;15:43;596
5;15:43;571
6;15:43;495
7;15:43;606
8;15:43;595
9;15:43;567
10;15:43;595
11;15:43;465
12;15:43;567
13;15:43;575
14;15:43;577
15;15:43;559
16;15:43;566
1;15:44;478
2;15:44;601
3;15:44;565
4;15:44;553
5;15:44;602
6;15:44;506
7;15:44;554
8;15:44;598
9;15:44;587
10;15:44;620
11;15:44;457
12;15:44;610
13;15:44;581
14;15:44;620
15;15:44;589
16;15:44;552
1;15:45;471
2;15:45;605
3;15:45;613
4;15:45;554
5;15:45;611
6;15:45;516
7;15:45;568
8;15:45;595
9;15:45;565
10;15:45;557
11;15:45;494
12;15:45;584
13;15:45;616
14;15:45;568
15;15:45;587
16;15:45;558
1;15:46;481
2;15:46;556
3;15:46;613
4;15:46;614
5;15:46;566
6;15:46;462
7;15:46;563
8;15:46;588
9;15:46;567
10;15:46;550
11;15:46;463
12;15:46;561
13;15:46;605
14;15:46;551
15;15:46;595
16;15:46;572
1;15:47;468
2;15:47;553
3;15:47;584
4;15:47;618
5;15:47;563
6;15:47;480
7;15:47;618
8;15:47;601
9;15:47;579
10;15:47;620
11;15:47;490
12;15:47;615
13;15:47;557
14;15:47;572
15;15:47;578
16;15:47;610
1;15:48;454
2;15:48;594
3;15:48;598
4;15:48;603
5;15:48;582
6;15:48;465
7;15:48;555
8;15:48;580
9;15:48;613
10;15:48;594
11;15:48;452
12;15:48;594
13;15:48;574
14;15:48;589
15;15:48;564
16;15:48;589
1;15:49;461
2;15:49;577
3;15:49;605
4;15:49;567
5;15:49;587
6;15:49;509
7;15:49;593
8;15:49;612
9;15:49;551
10;15:49;594
11;15:49;486
12;15:49;572
13;15:49;568
14;15:49;592
15;15:49;552
16;15:49;618
1;15:50;479
2;15:50;611
3;15:50;564
4;15:50;578
5;15:50;556
6;15:50;503
7;15:50;560
8;15:50;578
9;15:50;578
10;15:50;607
11;15:50;462
12;15:50;559
13;15:50;617
14;15:50;587
15;15:50;555
16;15:50;606
1;15:51;495
2;15:51;612
3;15:51;590
4;15:51;573
5;15:51;616
6;15:51;456
7;15:51;575
8;15:51;600
9;15:51;574
10;15:51;599
11;15:51;462
12;15:51;584
13;15:51;619
14;15:51;613
15;15:51;580
16;15:51;562
1;15:52;454
2;15:52;574
3;15:52;589
4;15:52;583
5;15:52;567
6;15:52;485
7;15:52;585
8;15:52;619
9;15:52;596
10;15:52;550
11;15:52;451
12;15:52;576
13;15:52;582
14;15:52;557
15;15:52;605
16;15:52;577
1;15:53;465
2;15:53;590
3;15:53;596
4;15:53;601
5;15:53;577
6;15:53;475
7;15:53;610
8;15:53;555
9;15:53;601
10;15:53;551
11;15:53;451
12;15:53;557
13;15:53;584
14;15:53;615
15;15:53;614
16;15:53;606
1;15:54;452
2;15:54;550
3;15:54;601
4;15:54;574
5;15:54;603
6;15:54;450
7;15:54;591
8;15:54;619
9;15:54;552
10;15:54;602
11;15:54;485
12;15:54;559
13;15:54;551
14;15:54;553
15;15:54;559
16;15:54;599
1;15:55;520
2;15:55;582
3;15:55;606
4;15:55;585
5;15:55;583
6;15:55;517
7;15:55;579
8;15:55;599
9;15:55;553
10;15:55;598
11;15:55;494
12;15:55;563
13;15:55;589
14;15:55;554
15;15:55;594
16;15:55;559
1;15:56;469
2;15:56;581
3;15:56;584
4;15:56;565
5;15:56;552
6;15:56;485
7;15:56;569
8;15:56;612
9;15:56;552
10;15:56;617
11;15:56;470
12;15:56;555
13;15:56;560
14;15:56;596
15;15:56;608
16;15:56;596
1;15:57;494
2;15:57;550
3;15:57;593
4;15:57;562
5;15:57;601
6;15:57;498
7;15:57;568
8;15:57;564
9;15:57;574
10;15:57;603
11;15:57;486
12;15:57;575
13;15:57;580
14;15:57;609
15;15:57;613
16;15:57;603
1;15:58;509
2;15:58;604
3;15:58;614
4;15:58;592
5;15:58;581
6;15:58;483
7;15:58;561
8;15:58;557
9;15:58;616
10;15:58;558
11;15:58;507
12;15:58;619
13;15:58;578
14;15:58;610
15;15:58;590
16;15:58;576
1;15:59;467
2;15:59;617
3;15:59;579
4;15:59;612
5;15:59;587
6;15:59;480
7;15:59;602
8;15:59;602
9;15:59;596
10;15:59;618
11;15:59;488
12;15:59;618
13;15:59;599
14;15:59;582
15;15:59;619
16;15:59;560
1;16:00;489
2;16:00;596
3;16:00;596
4;16:00;568
5;16:00;615
6;16:00;456
7;16:00;590
8;16:00;607
9;16:00;555
10;16:00;617
11;16:00;453
12;16:00;555
13;16:00;600
14;16:00;561
15;16:00;596
16;16:00;591
1;16:01;497
2;16:01;580
3;16:01;617
4;16:01;567
5;16:01;608
6;16:01;455
7;16:01;563
8;16:01;600
9;16:01;611
10;16:01;578
11;16:01;450
12;16:01;573
13;16:01;608
14;16:01;620
15;16:01;608
16;16:01;601
1;16:02;507
2;16:02;561
3;16:02;595
4;16:02;619
5;16:02;585
6;16:02;479
7;16:02;600
8;16:02;575
9;16:02;554
10;16:02;585
11;16:02;505
12;16:02;578
13;16:02;614
14;16:02;572
15;16:02;606
16;16:02;615
1;16:03;498
2;16:03;586
3;16:03;581
4;16:03;569
5;16:03;585
6;16:03;470
7;16:03;557
8;16:03;566
9;16:03;606
10;16:03;599
11;16:03;503
12;16:03;617
13;16:03;582
14;16:03;598
15;16:03;577
16;16:03;561
1;16:04;474
2;16:04;593
3;16:04;569
4;16:04;566
5;16:04;579
6;16:04;470
7;16:04;604
8;16:04;572
9;16:04;596
10;16:04;563
11;16:04;520
12;16:04;586
13;16:04;588
14;16:04;551
15;16:04;616
16;16:04;618
1;16:05;460
2;16:05;584
3;16:05;552
4;16:05;612
5;16:05;561
6;16:05;462
7;16:05;576
8;16:05;596
9;16:05;560
10;16:05;596
11;16:05;455
12;16:05;618
13;16:05;553
14;16:05;595
15;16:05;582
16;16:05;569
1;16:06;500
2;16:06;589
3;16:06;608
4;16:06;591
5;16:06;550
6;16:06;463
7;16:06;606
8;16:06;595
9;16:06;554
10;16:06;614
11;16:06;485
12;16:06;619
13;16:06;598
14;16:06;605
15;16:06;567
16;16:06;603
1;16:07;477
2;16:07;585
3;16:07;613
4;16:07;565
5;16:07;608
6;16:07;508
7;16:07;619
8;16:07;567
9;16:07;557
10;16:07;608
11;16:07;515
12;16:07;614
13;16:07;592
14;16:07;566
15;16:07;608
16;16:07;617
1;16:08;478
2;16:08;569
3;16:08;551
4;16:08;616
5;16:08;600
6;16:08;485
7;16:08;609
8;16:08;555
9;16:08;567
10;16:08;604
11;16:08;510
12;16:08;560
13;16:08;575
14;16:08;618
15;16:08;600
16;16:08;612
1;16:09;491
2;16:09;572
3;16:09;601
4;16:09;568
5;16:09;558
6;16:09;497
7;16:09;575
8;16:09;596
9;16:09;588
10;16:09;620
11;16:09;473
12;16:09;565
13;16:09;551
14;16:09;560
15;16:09;595
16;16:09;586
1;16:10;452
2;16:10;566
3;16:10;615
4;16:10;599
5;16:10;563
6;16:10;491
7;16:10;556
8;16:10;618
9;16:10;612
10;16:10;594
11;16:10;473
12;16:10;571
13;16:10;560
14;16:10;550
15;16:10;593
16;16:10;605
1;16:11;516
2;16:11;602
3;16:11;586
4;16:11;569
5;16:11;583
6;16:11;516
7;16:11;592
8;16:11;581
9;16:11;610
10;16:11;551
11;16:11;475
12;16:11;606
13;16:11;595
14;16:11;588
15;16:11;550
16;16:11;567
1;16:12;474
2;16:12;590
3;16:12;587
4;16:12;599
5;16:12;591
6;16:12;474
7;16:12;616
8;16:12;606
9;16:12;553
10;16:12;602
11;16:12;489
12;16:12;556
13;16:12;588
14;16:12;599
15;16:12;575
16;16:12;618
1;16:13;458
2;16:13;550
3;16:13;562
4;16:13;590
5;16:13;578
6;16:13;454
7;16:13;615
8;16:13;575
9;16:13;605
10;16:13;618
11;16:13;460
12;16:13;578
13;16:13;618
14;16:13;557
15;16:13;582
16;16:13;593
1;16:14;496
2;16:14;605
3;16:14;587
4;16:14;576
5;16:14;619
6;16:14;482
7;16:14;620
8;16:14;579
9;16:14;558
10;16:14;568
11;16:14;457
12;16:14;602
13;16:14;586
14;16:14;561
15;16:14;573
16;16:14;613
1;16:15;490
2;16:15;565
3;16:15;558
4;16:15;590
5;16:15;592
6;16:15;493
7;16:15;613
8;16:15;601
9;16:15;589
10;16:15;551
11;16:15;466
12;16:15;561
13;16:15;577
14;16:15;564
15;16:15;582
16;16:15;590
1;16:16;455
2;16:16;612
3;16:16;607
4;16:16;564
5;16:16;618
6;16:16;512
7;16:16;550
8;16:16;603
9;16:16;566
10;16:16;584
11;16:16;514
12;16:16;595
13;16:16;589
14;16:16;577
15;16:16;561
16;16:16;589
1;16:17;500
2;16:17;603
3;16:17;603
4;16:17;577
5;16:17;601
6;16:17;487
7;16:17;580
8;16:17;561
9;16:17;612
10;16:17;614
11;16:17;464
12;16:17;575
13;16:17;565
14;16:17;575
15;16:17;551
16;16:17;605
1;16:18;480
2;16:18;595
3;16:18;603
4;16:18;577
5;16:18;587
6;16:18;485
7;16:18;588
8;16:18;606
9;16:18;559
10;16:18;619
11;16:18;496
12;16:18;618
13;16:18;615
14;16:18;555
15;16:18;611
16;16:18;613
1;16:19;463
2;16:19;583
3;16:19;589
4;16:19;553
5;16:19;579
6;16:19;472
7;16:19;601
8;16:19;581
9;16:19;574
10;16:19;587
11;16:19;464
12;16:19;588
13;16:19;604
14;16:19;563
15;16:19;570
16;16:19;588
1;16:20;491
2;16:20;609
3;16:20;561
4;16:20;615
5;16:20;594
6;16:20;464
7;16:20;570
8;16:20;557
9;16:20;579
10;16:20;605
11;16:20;499
12;16:20;581
13;16:20;618
14;16:20;551
15;16:20;562
16;16:20;588
1;16:21;484
2;16:21;619
3;16:21;618
4;16:21;599
5;16:21;555
6;16:21;510
7;16:21;561
8;16:21;568
9;16:21;551
10;16:21;563
11;16:21;488
12;16:21;610
13;16:21;554
14;16:21;593
15;16:21;603
16;16:21;554
1;16:22;498
2;16:22;573
3;16:22;618
4;16:22;598
5;16:22;602
6;16:22;458
7;16:22;579
8;16:22;610
9;16:22;577
10;16:22;578
11;16:22;464
12;16:22;609
13;16:22;569
14;16:22;595
15;16:22;605
16;16:22;611
1;16:23;514
2;16:23;610
3;16:23;615
4;16:23;573
5;16:23;563
6;16:23;516
7;16:23;568
8;16:23;582
9;16:23;578
10;16:23;572
11;16:23;520
12;16:23;551
13;16:23;560
14;16:23;573
15;16:23;566
16;16:23;550
1;16:24;484
2;16:24;558
3;16:24;605
4;16:24;583
5;16:24;582
6;16:24;512
7;16:24;556
8;16:24;590
9;16:24;591
10;16:24;570
11;16:24;475
12;16:24;578
13;16:24;562
14;16:24;571
15;16:24;584
16;16:24;615
1;16:25;513
2;16:25;599
3;16:25;580
4;16:25;588
5;16:25;597
6;16:25;466
7;16:25;600
8;16:25;588
9;16:25;571
10;16:25;611
11;16:25;514
12;16:25;612
13;16:25;584
14;16:25;580
15;16:25;577
16;16:25;577
1;16:26;465
2;16:26;553
3;16:26;606
4;16:26;571
5;16:26;563
6;16:26;505
7;16:26;550
8;16:26;586
9;16:26;559
10;16:26;590
11;16:26;470
12;16:26;582
13;16:26;613
14;16:26;620
15;16:26;552
16;16:26;557
1;16:27;491
2;16:27;563
3;16:27;605
4;16:27;564
5;16:27;579
6;16:27;490
7;16:27;601
8;16:27;557
9;16:27;611
10;16:27;608
11;16:27;459
12;16:27;572
13;16:27;604
14;16:27;565
15;16:27;601
16;16:27;600
1;16:28;498
2;16:28;592
3;16:28;563
4;16:28;565
5;16:28;597
6;16:28;452
7;16:28;596
8;16:28;619
9;16:28;611
10;16:28;612
11;16:28;465
12;16:28;590
13;16:28;618
14;16:28;599
15;16:28;587
16;16:28;583
1;16:29;454
2;16:29;577
3;16:29;593
4;16:29;606
5;16:29;553
6;16:29;460
7;16:29;574
8;16:29;595
9;16:29;603
10;16:29;566
11;16:29;456
12;16:29;613
13;16:29;566
14;16:29;606
15;16:29;579
16;16:29;558
1;16:30;467
2;16:30;605
3;16:30;580
4;16:30;576
5;16:30;556
6;16:30;493
7;16:30;604
8;16:30;606
9;16:30;617
10;16:30;576
11;16:30;500
12;16:30;610
13;16:30;608
14;16:30;562
15;16:30;620
16;16:30;571
1;16:31;461
2;16:31;566
3;16:31;550
4;16:31;598
5;16:31;570
6;16:31;455
7;16:31;578
8;16:31;595
9;16:31;615
10;16:31;564
11;16:31;474
12;16:31;607
13;16:31;554
14;16:31;605
15;16:31;592
16;16:31;587
1;16:32;451
2;16:32;551
3;16:32;559
4;16:32;612
5;16:32;617
6;16:32;465
7;16:32;582
8;16:32;586
9;16:32;560
10;16:32;562
11;16:32;466
12;16:32;559
13;16:32;607
14;16:32;557
15;16:32;555
16;16:32;617
1;16:33;456
2;16:33;560
3;16:33;584
4;16:33;598
5;16:33;602
6;16:33;494
7;16:33;603
8;16:33;602
9;16:33;562
10;16:33;601
11;16:33;455
12;16:33;600
13;16:33;558
14;16:33;603
15;16:33;598
16;16:33;556
1;16:34;454
2;16:34;619
3;16:34;601
4;16:34;613
5;16:34;618
6;16:34;491
7;16:34;591
8;16:34;554
9;16:34;596
10;16:34;578
11;16:34;485
12;16:34;563
13;16:34;612
14;16:34;590
15;16:34;553
16;16:34;584
1;16:35;483
2;16:35;607
3;16:35;561
4;16:35;567
5;16:35;614
6;16:35;506
7;16:35;603
8;16:35;577
9;16:35;609
10;16:35;576
11;16:35;477
12;16:35;588
13;16:35;607
14;16:35;575
15;16:35;599
16;16:35;599
1;16:36;485
2;16:36;566
3;16:36;551
4;16:36;601
5;16:36;582
6;16:36;469
7;16:36;596
8;16:36;596
9;16:36;566
10;16:36;583
11;16:36;510
12;16:36;583
13;16:36;591
14;16:36;612
15;16:36;567
16;16:36;613
1;16:37;507
2;16:37;613
3;16:37;552
4;16:37;615
5;16:37;591
6;16:37;465
7;16:37;614
8;16:37;604
9;16:37;561
10;16:37;609
11;16:37;474
12;16:37;592
13;16:37;585
14;16:37;570
15;16:37;582
16;16:37;570
1;16:38;478
2;16:38;593
3;16:38;597
4;16:38;597
5;16:38;556
6;16:38;484
7;16:38;589
8;16:38;580
9;16:38;553
10;16:38;614
11;16:38;513
12;16:38;620
13;16:38;612
14;16:38;590
15;16:38;558
16;16:38;576
1;16:39;505
2;16:39;551
3;16:39;595
4;16:39;597
5;16:39;605
6;16:39;480
7;16:39;605
8;16:39;596
9;16:39;585
10;16:39;619
11;16:39;491
12;16:39;590
13;16:39;586
14;16:39;568
15;16:39;615
16;16:39;587
1;16:40;459
2;16:40;585
3;16:40;583
4;16:40;608
5;16:40;563
6;16:40;470
7;16:40;598
8;16:40;589
9;16:40;572
10;16:40;613
11;16:40;508
12;16:40;609
13;16:40;578
14;16:40;599
15;16:40;551
16;16:40;600
1;16:41;486
2;16:41;619
3;16:41;610
4;16:41;572
5;16:41;550
6;16:41;459
7;16:41;578
8;16:41;593
9;16:41;594
10;16:41;596
11;16:41;451
12;16:41;568
13;16:41;582
14;16:41;551
15;16:41;593
16;16:41;608
1;16:42;492
2;16:42;590
3;16:42;568
4;16:42;596
5;16:42;572
6;16:42;506
7;16:42;602
8;16:42;598
9;16:42;588
10;16:42;570
11;16:42;493
12;16:42;598
13;16:42;583
14;16:42;584
15;16:42;551
16;16:42;594
1;16:43;496
2;16:43;567
3;16:43;556
4;16:43;568
5;16:43;562
6;16:43;517
7;16:43;601
8;16:43;604
9;16:43;594
10;16:43;590
11;16:43;507
12;16:43;616
13;16:43;564
14;16:43;609
15;16:43;569
16;16:43;556
1;16:44;454
2;16:44;596
3;16:44;618
4;16:44;597
5;16:44;573
6;16:44;484
7;16:44;589
8;16:44;608
9;16:44;551
10;16:44;589
11;16:44;458
12;16:44;573
13;16:44;569
14;16:44;587
15;16:44;603
16;16:44;583
1;16:45;483
2;16:45;555
3;16:45;557
4;16:45;565
5;16:45;575
6;16:45;472
7;16:45;551
8;16:45;591
9;16:45;600
10;16:45;550
11;16:45;453
12;16:45;581
13;16:45;579
14;16:45;595
15;16:45;562
16;16:45;617
1;16:46;473
2;16:46;588
3;16:46;599
4;16:46;619
5;16:46;555
6;16:46;463
7;16:46;591
8;16:46;585
9;16:46;553
10;16:46;612
11;16:46;467
12;16:46;614
13;16:46;553
14;16:46;573
15;16:46;559
16;16:46;557
1;16:47;464
2;16:47;568
3;16:47;589
4;16:47;614
5;16:47;612
6;16:47;460
7;16:47;580
8;16:47;557
9;16:47;602
10;16:47;576
11;16:47;479
12;16:47;552
13;16:47;611
14;16:47;581
15;16:47;573
16;16:47;562
1;16:48;509
2;16:48;587
3;16:48;568
4;16:48;588
5;16:48;620
6;16:48;462
7;16:48;570
8;16:48;552
9;16:48;583
10;16:48;569
11;16:48;451
12;16:48;562
13;16:48;608
14;16:48;577
15;16:48;563
16;16:48;608
1;16:49;493
2;16:49;584
3;16:49;605
4;16:49;593
5;16:49;597
6;16:49;512
7;16:49;582
8;16:49;614
9;16:49;572
10;16:49;587
11;16:49;511
12;16:49;612
13;16:49;592
14;16:49;560
15;16:49;619
16;16:49;586
1;16:50;461
2;16:50;589
3;16:50;582
4;16:50;554
5;16:50;616
6;16:50;451
7;16:50;607
8;16:50;570
9;16:50;591
10;16:50;594
11;16:50;471
12;16:50;568
13;16:50;616
14;16:50;576
15;16:50;617
16;16:50;571
1;16:51;513
2;16:51;615
3;16:51;564
4;16:51;585
5;16:51;587
6;16:51;466
7;16:51;607
8;16:51;551
9;16:51;590
10;16:51;578
11;16:51;497
12;16:51;564
13;16:51;578
14;16:51;587
15;16:51;553
16;16:51;611
1;16:52;460
2;16:52;560
3;16:52;577
4;16:52;550
5;16:52;555
6;16:52;478
7;16:52;560
8;16:52;578
9;16:52;572
10;16:52;587
11;16:52;503
12;16:52;554
13;16:52;579
14;16:52;566
15;16:52;550
16;16:52;586
1;16:53;472
2;16:53;592
3;16:53;581
4;16:53;566
5;16:53;553
6;16:53;483
7;16:53;602
8;16:53;597
9;16:53;610
10;16:53;563
11;16:53;468
12;16:53;607
13;16:53;619
14;16:53;572
15;16:53;571
16;16:53;562
1;16:54;466
2;16:54;561
3;16:54;610
4;16:54;567
5;16:54;596
6;16:54;471
7;16:54;587
8;16:54;592
9;16:54;588
10;16:54;593
11;16:54;509
12;16:54;614
13;16:54;582
14;16:54;581
15;16:54;599
16;16:54;580
1;16:55;491
2;16:55;618
3;16:55;555
4;16:55;565
5;16:55;609
6;16:55;458
7;16:55;602
8;16:55;579
9;16:55;566
10;16:55;597
11;16:55;471
12;16:55;569
13;16:55;573
14;16:55;620
15;16:55;607
16;16:55;598
1;16:56;495
2;16:56;565
3;16:56;580
4;16:56;550
5;16:56;555
6;16:56;484
7;16:56;550
8;16:56;598
9;16:56;569
10;16:56;587
11;16:56;475
12;16:56;610
13;16:56;588
14;16:56;606
15;16:56;573
16;16:56;606
1;16:57;484
2;16:57;550
3;16:57;556
4;16:57;605
5;16:57;614
6;16:57;486
7;16:57;616
8;16:57;598
9;16:57;590
10;16:57;581
11;16:57;475
12;16:57;576
13;16:57;554
14;16:57;573
15;16:57;578
16;16:57;554
1;16:58;450
2;16:58;577
3;16:58;558
4;16:58;583
5;16:58;594
6;16:58;494
7;16:58;578
8;16:58;557
9;16:58;550
10;16:58;562
11;16:58;499
12;16:58;610
13;16:58;589
14;16:58;575
15;16:58;553
16;16:58;611
1;16:59;488
2;16:59;588
3;16:59;571
4;16:59;615
5;16:59;576
6;16:59;487
7;16:59;592
8;16:59;594
9;16:59;558
10;16:59;571
11;16:59;504
12;16:59;601
13;16:59;620
14;16:59;587
15;16:59;586
16;16:59;553
1;17:00;477
2;17:00;571
3;17:00;579
4;17:00;619
5;17:00;565
6;17:00;489
7;17:00;579
8;17:00;609
9;17:00;580
10;17:00;571
11;17:00;455
12;17:00;551
13;17:00;573
14;17:00;552
15;17:00;605
16;17:00;614
1;17:01;497
2;17:01;573
3;17:01;595
4;17:01;561
5;17:01;617
6;17:01;512
7;17:01;601
8;17:01;552
9;17:01;555
10;17:01;580
11;17:01;508
12;17:01;552
13;17:01;609
14;17:01;584
15;17:01;579
16;17:01;584
1;17:02;498
2;17:02;588
3;17:02;601
4;17:02;620
5;17:02;555
6;17:02;496
7;17:02;596
8;17:02;603
9;17:02;577
10;17:02;616
11;17:02;470
12;17:02;568
13;17:02;598
14;17:02;551
15;17:02;595
16;17:02;602
1;17:03;472
2;17:03;564
3;17:03;607
4;17:03;572
5;17:03;620
6;17:03;466
7;17:03;592
8;17:03;609
9;17:03;620
10;17:03;582
11;17:03;480
12;17:03;591
13;17:03;588
14;17:03;560
15;17:03;592
16;17:03;586
1;17:04;483
2;17:04;584
3;17:04;550
4;17:04;551
5;17:04;575
6;17:04;518
7;17:04;587
8;17:04;554
9;17:04;554
10;17:04;605
11;17:04;508
12;17:04;561
13;17:04;583
14;17:04;586
15;17:04;557
16;17:04;575
1;17:05;492
2;17:05;617
3;17:05;559
4;17:05;609
5;17:05;554
6;17:05;475
7;17:05;607
8;17:05;588
9;17:05;611
10;17:05;607
11;17:05;451
12;17:05;591
13;17:05;584
14;17:05;555
15;17:05;558
16;17:05;581
1;17:06;507
2;17:06;593
3;17:06;608
4;17:06;551
5;17:06;554
6;17:06;513
7;17:06;616
8;17:06;570
9;17:06;582
10;17:06;597
11;17:06;466
12;17:06;593
13;17:06;602
14;17:06;618
15;17:06;579
16;17:06;590
1;17:07;490
2;17:07;555
3;17:07;562
4;17:07;585
5;17:07;580
6;17:07;477
7;17:07;572
8;17:07;618
9;17:07;582
10;17:07;566
11;17:07;454
12;17:07;574
13;17:07;554
14;17:07;564
15;17:07;594
16;17:07;584
1;17:08;511
2;17:08;584
3;17:08;552
4;17:08;550
5;17:08;619
6;17:08;502
7;17:08;567
8;17:08;587
9;17:08;553
10;17:08;613
11;17:08;468
12;17:08;554
13;17:08;590
14;17:08;608
15;17:08;602
16;17:08;573
1;17:09;518
2;17:09;585
3;17:09;616
4;17:09;573
5;17:09;607
6;17:09;480
7;17:09;566
8;17:09;576
9;17:09;562
10;17:09;565
11;17:09;511
12;17:09;618
13;17:09;568
14;17:09;592
15;17:09;561
16;17:09;569
1;17:10;502
2;17:10;589
3;17:10;583
4;17:10;571
5;17:10;582
6;17:10;516
7;17:10;606
8;17:10;608
9;17:10;613
10;17:10;562
11;17:10;514
12;17:10;560
13;17:10;557
14;17:10;590
15;17:10;601
16;17:10;567
1;17:11;478
2;17:11;559
3;17:11;585
4;17:11;562
5;17:11;606
6;17:11;457
7;17:11;586
8;17:11;561
9;17:11;580
10;17:11;612
11;17:11;461
12;17:11;602
13;17:11;590
14;17:11;555
15;17:11;600
16;17:11;595
1;17:12;462
2;17:12;610
3;17:12;572
4;17:12;569
5;17:12;563
6;17:12;515
7;17:12;585
8;17:12;608
9;17:12;611
10;17:12;578
11;17:12;454
12;17:12;581
13;17:12;617
14;17:12;578
15;17:12;592
16;17:12;593
1;17:13;492
2;17:13;600
3;17:13;593
4;17:13;577
5;17:13;609
6;17:13;454
7;17:13;587
8;17:13;577
9;17:13;553
10;17:13;617
11;17:13;459
12;17:13;595
13;17:13;551
14;17:13;616
15;17:13;558
16;17:13;552
1;17:14;476
2;17:14;584
3;17:14;566
4;17:14;593
5;17:14;584
6;17:14;496
7;17:14;561
8;17:14;595
9;17:14;608
10;17:14;569
11;17:14;499
12;17:14;588
13;17:14;617
14;17:14;613
15;17:14;578
16;17:14;561
1;17:15;496
2;17:15;550
3;17:15;617
4;17:15;576
5;17:15;605
6;17:15;480
7;17:15;578
8;17:15;594
9;17:15;608
10;17:15;562
11;17:15;485
12;17:15;577
13;17:15;551
14;17:15;555
15;17:15;585
16;17:15;607
1;17:16;504
2;17:16;560
3;17:16;600
4;17:16;554
5;17:16;587
6;17:16;500
7;17:16;620
8;17:16;576
9;17:16;599
10;17:16;568
11;17:16;499
12;17:16;609
13;17:16;557
14;17:16;614
15;17:16;554
16;17:16;571
1;17:17;464
2;17:17;614
3;17:17;597
4;17:17;614
5;17:17;582
6;17:17;456
7;17:17;610
8;17:17;601
9;17:17;577
10;17:17;613
11;17:17;478
12;17:17;552
13;17:17;577
14;17:17;553
15;17:17;616
16;17:17;616
1;17:18;484
2;17:18;594
3;17:18;555
4;17:18;578
5;17:18;600
6;17:18;483
7;17:18;559
8;17:18;586
9;17:18;590
10;17:18;607
11;17:18;503
12;17:18;556
13;17:18;605
14;17:18;611
15;17:18;591
16;17:18;574
1;17:19;483
2;17:19;618
3;17:19;586
4;17:19;601
5;17:19;567
6;17:19;488
7;17:19;615
8;17:19;595
9;17:19;590
10;17:19;590
11;17:19;450
12;17:19;596
13;17:19;590
14;17:19;587
15;17:19;556
16;17:19;576
1;17:20;477
2;17:20;578
3;17:20;553
4;17:20;575
5;17:20;595
6;17:20;505
7;17:20;613
8;17:20;614
9;17:20;615
10;17:20;552
11;17:20;476
12;17:20;570
13;17:20;582
14;17:20;575
15;17:20;584
16;17:20;582
1;17:21;453
2;17:21;594
3;17:21;583
4;17:21;568
5;17:21;592
6;17:21;490
7;17:21;615
8;17:21;614
9;17:21;585
10;17:21;601
11;17:21;494
12;17:21;590
13;17:21;596
14;17:21;560
15;17:21;583
16;17:21;613
1;17:22;488
2;17:22;606
3;17:22;597
4;17:22;560
5;17:22;560
6;17:22;515
7;17:22;620
8;17:22;593
9;17:22;560
10;17:22;584
11;17:22;514
12;17:22;610
13;17:22;570
14;17:22;559
15;17:22;576
16;17:22;583
1;17:23;479
2;17:23;591
3;17:23;577
4;17:23;620
5;17:23;561
6;17:23;493
7;17:23;552
8;17:23;572
9;17:23;561
10;17:23;614
11;17:23;485
12;17:23;573
13;17:23;564
14;17:23;571
15;17:23;554
16;17:23;613
1;17:24;505
2;17:24;614
3;17:24;619
4;17:24;586
5;17:24;566
6;17:24;492
7;17:24;579
8;17:24;614
9;17:24;559
10;17:24;607
11;17:24;484
12;17:24;618
13;17:24;580
14;17:24;610
15;17:24;611
16;17:24;607
1;17:25;513
2;17:25;560
3;17:25;591
4;17:25;564
5;17:25;552
6;17:25;520
7;17:25;555
8;17:25;617
9;17:25;550
10;17:25;554
11;17:25;489
12;17:25;594
13;17:25;616
14;17:25;604
15;17:25;550
16;17:25;562
1;17:26;468
2;17:26;574
3;17:26;557
4;17:26;604
5;17:26;600
6;17:26;459
7;17:26;578
8;17:26;556
9;17:26;553
10;17:26;614
11;17:26;451
12;17:26;554
13;17:26;574
14;17:26;581
15;17:26;551
16;17:26;590
1;17:27;472
2;17:27;607
3;17:27;593
4;17:27;583
5;17:27;582
6;17:27;516
7;17:27;561
8;17:27;605
9;17:27;556
10;17:27;557
11;17:27;492
12;17:27;582
13;17:27;561
14;17:27;614
15;17:27;592
16;17:27;581
1;17:28;507
2;17:28;603
3;17:28;599
4;17:28;567
5;17:28;567
6;17:28;487
7;17:28;574
8;17:28;605
9;17:28;603
10;17:28;612
11;17:28;511
12;17:28;557
13;17:28;558
14;17:28;596
15;17:28;578
16;17:28;607
1;17:29;457
2;17:29;602
3;17:29;595
4;17:29;613
5;17:29;600
6;17:29;486
7;17:29;619
8;17:29;603
9;17:29;584
10;17:29;568
11;17:29;487
12;17:29;616
13;17:29;608
14;17:29;587
15;17:29;573
16;17:29;616
1;17:30;496
2;17:30;605
3;17:30;553
4;17:30;558
5;17:30;557
6;17:30;517
7;17:30;611
8;17:30;598
9;17:30;578
10;17:30;594
11;17:30;473
12;17:30;615
13;17:30;562
14;17:30;589
15;17:30;602
16;17:30;612
1;17:31;450
2;17:31;612
3;17:31;598
4;17:31;606
5;17:31;557
6;17:31;481
7;17:31;597
8;17:31;620
9;17:31;620
10;17:31;559
11;17:31;495
12;17:31;582
13;17:31;568
14;17:31;582
15;17:31;577
16;17:31;604
1;17:32;511
2;17:32;571
3;17:32;572
4;17:32;570
5;17:32;594
6;17:32;517
7;17:32;578
8;17:32;593
9;17:32;563
10;17:32;620
11;17:32;482
12;17:32;565
13;17:32;570
14;17:32;609
15;17:32;574
16;17:32;551
1;17:33;468
2;17:33;563
3;17:33;576
4;17:33;590
5;17:33;554
6;17:33;482
7;17:33;558
8;17:33;615
9;17:33;583
10;17:33;552
11;17:33;457
12;17:33;595
13;17:33;563
14;17:33;557
15;17:33;581
16;17:33;605
1;17:34;508
2;17:34;550
3;17:34;571
4;17:34;553
5;17:34;617
6;17:34;479
7;17:34;572
8;17:34;565
9;17:34;555
10;17:34;555
11;17:34;481
12;17:34;561
13;17:34;575
14;17:34;605
15;17:34;618
16;17:34;555
1;17:35;483
2;17:35;565
3;17:35;597
4;17:35;595
5;17:35;573
6;17:35;499
7;17:35;570
8;17:35;616
9;17:35;599
10;17:35;609
11;17:35;479
12;17:35;604
13;17:35;588
14;17:35;557
15;17:35;607
16;17:35;605
1;17:36;490
2;17:36;591
3;17:36;578
4;17:36;615
5;17:36;574
6;17:36;464
7;17:36;607
8;17:36;601
9;17:36;555
10;17:36;577
11;17:36;483
12;17:36;596
13;17:36;588
14;17:36;613
15;17:36;550
16;17:36;555
1;17:37;480
2;17:37;616
3;17:37;619
4;17:37;584
5;17:37;577
6;17:37;515
7;17:37;598
8;17:37;586
9;17:37;557
10;17:37;590
11;17:37;469
12;17:37;601
13;17:37;597
14;17:37;597
15;17:37;599
16;17:37;610
1;17:38;462
2;17:38;581
3;17:38;554
4;17:38;614
5;17:38;611
6;17:38;493
7;17:38;607
8;17:38;607
9;17:38;569
10;17:38;596
11;17:38;519
12;17:38;557
13;17:38;566
14;17:38;614
15;17:38;591
16;17:38;618
1;17:39;469
2;17:39;580
3;17:39;571
4;17:39;602
5;17:39;563
6;17:39;474
7;17:39;582
8;17:39;615
9;17:39;581
10;17:39;610
11;17:39;512
12;17:39;618
13;17:39;592
14;17:39;602
15;17:39;589
16;17:39;614
1;17:40;511
2;17:40;572
3;17:40;607
4;17:40;561
5;17:40;616
6;17:40;458
7;17:40;588
8;17:40;599
9;17:40;555
10;17:40;577
11;17:40;502
12;17:40;573
13;17:40;552
14;17:40;609
15;17:40;599
16;17:40;557
1;17:41;520
2;17:41;563
3;17:41;567
4;17:41;613
5;17:41;603
6;17:41;473
7;17:41;552
8;17:41;620
9;17:41;585
10;17:41;613
11;17:41;497
12;17:41;607
13;17:41;607
14;17:41;580
15;17:41;578
16;17:41;561
1;17:42;481
2;17:42;573
3;17:42;604
4;17:42;589
5;17:42;582
6;17:42;515
7;17:42;586
8;17:42;607
9;17:42;599
10;17:42;585
11;17:42;473
12;17:42;557
13;17:42;579
14;17:42;590
15;17:42;602
16;17:42;570
1;17:43;479
2;17:43;571
3;17:43;587
4;17:43;577
5;17:43;554
6;17:43;464
7;17:43;604
8;17:43;572
9;17:43;571
10;17:43;610
11;17:43;500
12;17:43;566
13;17:43;578
14;17:43;607
15;17:43;557
16;17:43;566
1;17:44;459
2;17:44;581
3;17:44;581
4;17:44;596
5;17:44;571
6;17:44;465
7;17:44;551
8;17:44;603
9;17:44;577
10;17:44;582
11;17:44;496
12;17:44;589
13;17:44;580
14;17:44;616
15;17:44;573
16;17:44;582
1;17:45;484
2;17:45;607
3;17:45;612
4;17:45;566
5;17:45;550
6;17:45;486
7;17:45;558
8;17:45;554
9;17:45;556
10;17:45;619
11;17:45;463
12;17:45;576
13;17:45;562
14;17:45;595
15;17:45;611
16;17:45;569
1;17:46;462
2;17:46;575
3;17:46;592
4;17:46;591
5;17:46;582
6;17:46;480
7;17:46;564
8;17:46;580
9;17:46;564
10;17:46;574
11;17:46;471
12;17:46;607
13;17:46;588
14;17:46;601
15;17:46;583
16;17:46;555
1;17:47;482
2;17:47;567
3;17:47;571
4;17:47;593
5;17:47;558
6;17:47;483
7;17:47;619
8;17:47;579
9;17:47;579
10;17:47;604
11;17:47;458
12;17:47;567
13;17:47;583
14;17:47;618
15;17:47;576
16;17:47;593
1;17:48;510
2;17:48;552
3;17:48;565
4;17:48;585
5;17:48;581
6;17:48;498
7;17:48;573
8;17:48;614
9;17:48;590
10;17:48;597
11;17:48;502
12;17:48;578
13;17:48;598
14;17:48;589
15;17:48;601
16;17:48;572
1;17:49;477
2;17:49;610
3;17:49;606
4;17:49;577
5;17:49;614
6;17:49;458
7;17:49;595
8;17:49;598
9;17:49;595
10;17:49;579
11;17:49;462
12;17:49;567
13;17:49;602
14;17:49;585
15;17:49;592
16;17:49;615
1;17:50;500
2;17:50;572
3;17:50;560
4;17:50;613
5;17:50;575
6;17:50;483
7;17:50;568
8;17:50;573
9;17:50;571
10;17:50;566
11;17:50;488
12;17:50;553
13;17:50;575
14;17:50;551
15;17:50;550
16;17:50;584
1;17:51;489
2;17:51;576
3;17:51;597
4;17:51;615
5;17:51;575
6;17:51;495
7;17:51;606
8;17:51;569
9;17:51;587
10;17:51;606
11;17:51;491
12;17:51;552
13;17:51;620
14;17:51;593
15;17:51;565
16;17:51;592
1;17:52;459
2;17:52;570
3;17:52;577
4;17:52;564
5;17:52;569
6;17:52;473
7;17:52;585
8;17:52;606
9;17:52;564
10;17:52;589
11;17:52;511
12;17:52;590
13;17:52;604
14;17:52;617
15;17:52;574
16;17:52;550
1;17:53;461
2;17:53;594
3;17:53;557
4;17:53;577
5;17:53;577
6;17:53;469
7;17:53;554
8;17:53;553
9;17:53;615
10;17:53;604
11;17:53;497
12;17:53;572
13;17:53;587
14;17:53;565
15;17:53;573
16;17:53;567
1;17:54;512
2;17:54;597
3;17:54;585
4;17:54;571
5;17:54;566
6;17:54;493
7;17:54;608
8;17:54;619
9;17:54;591
10;17:54;597
11;17:54;474
12;17:54;612
13;17:54;575
14;17:54;610
15;17:54;579
16;17:54;550
1;17:55;481
2;17:55;569
3;17:55;585
4;17:55;604
5;17:55;562
6;17:55;488
7;17:55;554
8;17:55;597
9;17:55;556
10;17:55;591
11;17:55;454
12;17:55;598
13;17:55;558
14;17:55;585
15;17:55;564
16;17:55;596
1;17:56;477
2;17:56;560
3;17:56;575
4;17:56;609
5;17:56;552
6;17:56;511
7;17:56;605
8;17:56;553
9;17:56;612
10;17:56;566
11;17:56;483
12;17:56;610
13;17:56;591
14;17:56;556
15;17:56;551
16;17:56;595
1;17:57;465
2;17:57;555
3;17:57;570
4;17:57;605
5;17:57;559
6;17:57;460
7;17:57;610
8;17:57;566
9;17:57;608
10;17:57;581
11;17:57;489
12;17:57;575
13;17:57;585
14;17:57;564
15;17:57;569
16;17:57;611
1;17:58;469
2;17:58;618
3;17:58;607
4;17:58;601
5;17:58;580
6;17:58;468
7;17:58;573
8;17:58;557
9;17:58;608
10;17:58;553
11;17:58;507
12;17:58;598
13;17:58;609
14;17:58;612
15;17:58;607
16;17:58;614
1;17:59;498
2;17:59;614
3;17:59;606
4;17:59;594
5;17:59;570
6;17:59;465
7;17:59;595
8;17:59;557
9;17:59;566
10;17:59;618
11;17:59;491
12;17:59;561
13;17:59;568
14;17:59;605
15;17:59;589
16;17:59;598
1;18:00;489
2;18:00;590
3;18:00;610
4;18:00;613
5;18:00;579
6;18:00;515
7;18:00;574
8;18:00;576
9;18:00;605
10;18:00;609
11;18:00;513
12;18:00;570
13;18:00;585
14;18:00;553
15;18:00;571
16;18:00;566
1;18:01;477
2;18:01;583
3;18:01;603
4;18:01;556
5;18:01;604
6;18:01;498
7;18:01;605
8;18:01;612
9;18:01;557
10;18:01;555
11;18:01;501
12;18:01;555
13;18:01;592
14;18:01;559
15;18:01;612
16;18:01;605
1;18:02;486
2;18:02;605
3;18:02;587
4;18:02;585
5;18:02;553
6;18:02;463
7;18:02;586
8;18:02;569
9;18:02;557
10;18:02;605
11;18:02;495
12;18:02;563
13;18:02;562
14;18:02;583
15;18:02;602
16;18:02;606
1;18:03;516
2;18:03;597
3;18:03;559
4;18:03;615
5;18:03;597
6;18:03;471
7;18:03;555
8;18:03;602
9;18:03;574
10;18:03;603
11;18:03;470
12;18:03;578
13;18:03;558
14;18:03;599
15;18:03;597
16;18:03;595
1;18:04;496
2;18:04;557
3;18:04;565
4;18:04;609
5;18:04;580
6;18:04;489
7;18:04;570
8;18:04;604
9;18:04;592
10;18:04;606
11;18:04;491
12;18:04;607
13;18:04;584
14;18:04;618
15;18:04;593
16;18:04;556
1;18:05;508
2;18:05;589
3;18:05;590
4;18:05;551
5;18:05;608
6;18:05;499
7;18:05;587
8;18:05;602
9;18:05;613
10;18:05;607
11;18:05;472
12;18:05;583
13;18:05;575
14;18:05;571
15;18:05;555
16;18:05;571
1;18:06;520
2;18:06;576
3;18:06;590
4;18:06;608
5;18:06;587
6;18:06;470
7;18:06;578
8;18:06;585
9;18:06;608
10;18:06;613
11;18:06;492
12;18:06;606
13;18:06;572
14;18:06;583
15;18:06;565
16;18:06;562
1;18:07;461
2;18:07;575
3;18:07;569
4;18:07;613
5;18:07;591
6;18:07;518
7;18:07;563
8;18:07;606
9;18:07;613
10;18:07;589
11;18:07;501
12;18:07;606
13;18:07;570
14;18:07;582
15;18:07;569
16;18:07;602
1;18:08;489
2;18:08;618
3;18:08;600
4;18:08;596
5;18:08;589
6;18:08;469
7;18:08;592
8;18:08;609
9;18:08;591
10;18:08;576
11;18:08;487
12;18:08;609
13;18:08;607
14;18:08;585
15;18:08;575
16;18:08;583
1;18:09;468
2;18:09;608
3;18:09;556
4;18:09;577
5;18:09;594
6;18:09;518
7;18:09;592
8;18:09;598
9;18:09;564
10;18:09;601
11;18:09;500
12;18:09;568
13;18:09;596
14;18:09;568
15;18:09;605
16;18:09;585
1;18:10;468
2;18:10;610
3;18:10;562
4;18:10;599
5;18:10;599
6;18:10;475
7;18:10;566
8;18:10;606
9;18:10;552
10;18:10;582
11;18:10;503
12;18:10;553
13;18:10;559
14;18:10;620
15;18:10;553
16;18:10;603
1;18:11;461
2;18:11;563
3;18:11;578
4;18:11;613
5;18:11;566
6;18:11;497
7;18:11;599
8;18:11;603
9;18:11;615
10;18:11;579
11;18:11;501
12;18:11;551
13;18:11;588
14;18:11;572
15;18:11;585
16;18:11;558
1;18:12;467
2;18:12;576
3;18:12;590
4;18:12;618
5;18:12;552
6;18:12;484
7;18:12;565
8;18:12;600
9;18:12;554
10;18:12;550
11;18:12;461
12;18:12;612
13;18:12;612
14;18:12;610
15;18:12;569
16;18:12;597
1;18:13;489
2;18:13;588
3;18:13;591
4;18:13;573
5;18:13;577
6;18:13;517
7;18:13;572
8;18:13;578
9;18:13;556
10;18:13;568
11;18:13;466
12;18:13;594
13;18:13;568
14;18:13;588
15;18:13;615
16;18:13;605
1;18:14;472
2;18:14;579
3;18:14;599
4;18:14;610
5;18:14;566
6;18:14;501
7;18:14;588
8;18:14;594
9;18:14;579
10;18:14;562
11;18:14;519
12;18:14;578
13;18:14;581
14;18:14;573
15;18:14;575
16;18:14;554
1;18:15;464
2;18:15;563
3;18:15;596
4;18:15;553
5;18:15;613
6;18:15;474
7;18:15;563
8;18:15;551
9;18:15;575
10;18:15;609
11;18:15;507
12;18:15;571
13;18:15;600
14;18:15;566
15;18:15;595
16;18:15;558
1;18:16;501
2;18:16;555
3;18:16;588
4;18:16;619
5;18:16;578
6;18:16;508
7;18:16;583
8;18:16;611
9;18:16;563
10;18:16;570
11;18:16;511
12;18:16;587
13;18:16;615
14;18:16;572
15;18:16;560
16;18:16;609
1;18:17;481
2;18:17;595
3;18:17;568
4;18:17;574
5;18:17;560
6;18:17;491
7;18:17;604
8;18:17;572
9;18:17;576
10;18:17;610
11;18:17;507
12;18:17;552
13;18:17;586
14;18:17;555
15;18:17;605
16;18:17;614
1;18:18;498
2;18:18;571
3;18:18;554
4;18:18;617
5;18:18;568
6;18:18;493
7;18:18;593
8;18:18;586
9;18:18;553
10;18:18;590
11;18:18;480
12;18:18;593
13;18:18;610
14;18:18;612
15;18:18;563
16;18:18;577
1;18:19;510
2;18:19;558
3;18:19;551
4;18:19;580
5;18:19;602
6;18:19;474
7;18:19;550
8;18:19;554
9;18:19;586
10;18:19;578
11;18:19;467
12;18:19;599
13;18:19;605
14;18:19;580
15;18:19;551
16;18:19;593
1;18:20;498
2;18:20;581
3;18:20;551
4;18:20;562
5;18:20;569
6;18:20;472
7;18:20;613
8;18:20;576
9;18:20;599
10;18:20;557
11;18:20;495
12;18:20;551
13;18:20;558
14;18:20;612
15;18:20;558
16;18:20;583
1;18:21;502
2;18:21;593
3;18:21;557
4;18:21;604
5;18:21;611
6;18:21;498
7;18:21;618
8;18:21;577
9;18:21;555
10;18:21;597
11;18:21;453
12;18:21;576
13;18:21;585
14;18:21;555
15;18:21;585
16;18:21;585
1;18:22;464
2;18:22;609
3;18:22;595
4;18:22;581
5;18:22;580
6;18:22;492
7;18:22;611
8;18:22;601
9;18:22;608
10;18:22;576
11;18:22;485
12;18:22;609
13;18:22;573
14;18:22;570
15;18:22;564
16;18:22;600
1;18:23;479
2;18:23;596
3;18:23;571
4;18:23;556
5;18:23;591
6;18:23;497
7;18:23;590
8;18:23;571
9;18:23;600
10;18:23;577
11;18:23;489
12;18:23;619
13;18:23;593
14;18:23;588
15;18:23;584
16;18:23;550
1;18:24;480
2;18:24;585
3;18:24;551
4;18:24;550
5;18:24;572
6;18:24;452
7;18:24;565
8;18:24;554
9;18:24;601
10;18:24;602
11;18:24;499
12;18:24;616
13;18:24;596
14;18:24;597
15;18:24;575
16;18:24;557
1;18:25;468
2;18:25;620
3;18:25;558
4;18:25;573
5;18:25;559
6;18:25;483
7;18:25;593
8;18:25;588
9;18:25;605
10;18:25;574
11;18:25;472
12;18:25;552
13;18:25;566
14;18:25;605
15;18:25;604
16;18:25;619
1;18:26;474
2;18:26;602
3;18:26;596
4;18:26;596
5;18:26;571
6;18:26;517
7;18:26;615
8;18:26;554
9;18:26;586
10;18:26;619
11;18:26;507
12;18:26;610
13;18:26;592
14;18:26;555
15;18:26;601
16;18:26;616
1;18:27;451
2;18:27;588
3;18:27;567
4;18:27;570
5;18:27;558
6;18:27;505
7;18:27;583
8;18:27;596
9;18:27;614
10;18:27;587
11;18:27;506
12;18:27;611
13;18:27;620
14;18:27;575
15;18:27;588
16;18:27;553
1;18:28;461
2;18:28;613
3;18:28;570
4;18:28;562
5;18:28;596
6;18:28;450
7;18:28;598
8;18:28;598
9;18:28;564
10;18:28;610
11;18:28;495
12;18:28;618
13;18:28;600
14;18:28;594
15;18:28;551
16;18:28;568
1;18:29;455
2;18:29;600
3;18:29;611
4;18:29;590
5;18:29;562
6;18:29;459
7;18:29;605
8;18:29;573
9;18:29;616
10;18:29;577
11;18:29;457
12;18:29;589
13;18:29;576
14;18:29;589
15;18:29;582
16;18:29;573
1;18:30;469
2;18:30;576
3;18:30;570
4;18:30;556
5;18:30;601
6;18:30;503
7;18:30;560
8;18:30;581
9;18:30;588
10;18:30;565
11;18:30;518
12;18:30;586
13;18:30;570
14;18:30;560
15;18:30;613
16;18:30;556
1;18:31;503
2;18:31;593
3;18:31;560
4;18:31;580
5;18:31;575
6;18:31;452
7;18:31;568
8;18:31;571
9;18:31;585
10;18:31;569
11;18:31;456
12;18:31;563
13;18:31;587
14;18:31;601
15;18:31;606
16;18:31;589
1;18:32;508
2;18:32;579
3;18:32;562
4;18:32;607
5;18:32;592
6;18:32;503
7;18:32;581
8;18:32;572
9;18:32;591
10;18:32;581
11;18:32;506
12;18:32;605
13;18:32;588
14;18:32;615
15;18:32;605
16;18:32;620
1;18:33;457
2;18:33;551
3;18:33;571
4;18:33;596
5;18:33;620
6;18:33;519
7;18:33;552
8;18:33;617
9;18:33;610
10;18:33;571
11;18:33;451
12;18:33;586
13;18:33;616
14;18:33;586
15;18:33;553
16;18:33;603
1;18:34;486
2;18:34;587
3;18:34;552
4;18:34;609
5;18:34;608
6;18:34;473
7;18:34;604
8;18:34;556
9;18:34;588
10;18:34;606
11;18:34;467
12;18:34;571
13;18:34;590
14;18:34;572
15;18:34;583
16;18:34;554
1;18:35;455
2;18:35;598
3;18:35;572
4;18:35;558
5;18:35;578
6;18:35;465
7;18:35;616
8;18:35;588
9;18:35;596
10;18:35;601
11;18:35;484
12;18:35;576
13;18:35;556
14;18:35;598
15;18:35;613
16;18:35;609
1;18:36;452
2;18:36;557
3;18:36;609
4;18:36;605
5;18:36;565
6;18:36;498
7;18:36;611
8;18:36;605
9;18:36;572
10;18:36;567
11;18:36;496
12;18:36;612
13;18:36;591
14;18:36;582
15;18:36;580
16;18:36;601
1;18:37;482
2;18:37;558
3;18:37;579
4;18:37;582
5;18:37;594
6;18:37;513
7;18:37;609
8;18:37;605
9;18:37;579
10;18:37;572
11;18:37;490
12;18:37;611
13;18:37;610
14;18:37;581
15;18:37;578
16;18:37;594
1;18:38;451
2;18:38;581
3;18:38;565
4;18:38;602
5;18:38;594
6;18:38;488
7;18:38;606
8;18:38;596
9;18:38;582
10;18:38;562
11;18:38;514
12;18:38;571
13;18:38;569
14;18:38;595
15;18:38;606
16;18:38;602
1;18:39;520
2;18:39;576
3;18:39;561
4;18:39;569
5;18:39;613
6;18:39;486
7;18:39;577
8;18:39;617
9;18:39;606
10;18:39;612
11;18:39;487
12;18:39;611
13;18:39;592
14;18:39;570
15;18:39;565
16;18:39;611
1;18:40;514
2;18:40;568
3;18:40;552
4;18:40;581
5;18:40;561
6;18:40;485
7;18:40;562
8;18:40;586
9;18:40;618
10;18:40;619
11;18:40;453
12;18:40;583
13;18:40;569
14;18:40;551
15;18:40;606
16;18:40;609
1;18:41;476
2;18:41;616
3;18:41;571
4;18:41;600
5;18:41;613
6;18:41;506
7;18:41;554
8;18:41;614
9;18:41;577
10;18:41;585
11;18:41;495
12;18:41;559
13;18:41;615
14;18:41;597
15;18:41;596
16;18:41;561
1;18:42;466
2;18:42;573
3;18:42;586
4;18:42;576
5;18:42;588
6;18:42;473
7;18:42;572
8;18:42;557
9;18:42;567
10;18:42;588
11;18:42;457
12;18:42;556
13;18:42;615
14;18:42;555
15;18:42;550
16;18:42;610
1;18:43;517
2;18:43;576
3;18:43;611
4;18:43;614
5;18:43;603
6;18:43;477
7;18:43;552
8;18:43;575
9;18:43;614
10;18:43;586
11;18:43;516
12;18:43;569
13;18:43;564
14;18:43;584
15;18:43;570
16;18:43;576
1;18:44;516
2;18:44;577
3;18:44;608
4;18:44;576
5;18:44;563
6;18:44;475
7;18:44;580
8;18:44;575
9;18:44;559
10;18:44;619
11;18:44;453
12;18:44;610
13;18:44;603
14;18:44;562
15;18:44;557
16;18:44;583
1;18:45;473
2;18:45;606
3;18:45;618
4;18:45;590
5;18:45;584
6;18:45;477
7;18:45;583
8;18:45;616
9;18:45;600
10;18:45;617
11;18:45;512
12;18:45;589
13;18:45;580
14;18:45;606
15;18:45;570
16;18:45;580
1;18:46;472
2;18:46;599
3;18:46;614
4;18:46;613
5;18:46;551
6;18:46;476
7;18:46;579
8;18:46;586
9;18:46;563
10;18:46;585
11;18:46;463
12;18:46;582
13;18:46;551
14;18:46;597
15;18:46;608
16;18:46;557
1;18:47;511
2;18:47;617
3;18:47;619
4;18:47;587
5;18:47;568
6;18:47;457
7;18:47;586
8;18:47;595
9;18:47;591
10;18:47;580
11;18:47;475
12;18:47;613
13;18:47;589
14;18:47;584
15;18:47;610
16;18:47;562
1;18:48;461
2;18:48;558
3;18:48;570
4;18:48;601
5;18:48;573
6;18:48;514
7;18:48;611
8;18:48;561
9;18:48;582
10;18:48;570
11;18:48;466
12;18:48;574
13;18:48;572
14;18:48;593
15;18:48;599
16;18:48;552
1;18:49;500
2;18:49;582
3;18:49;615
4;18:49;597
5;18:49;607
6;18:49;501
7;18:49;587
8;18:49;552
9;18:49;610
10;18:49;602
11;18:49;508
12;18:49;555
13;18:49;595
14;18:49;607
15;18:49;586
16;18:49;582
1;18:50;451
2;18:50;619
3;18:50;570
4;18:50;563
5;18:50;552
6;18:50;513
7;18:50;584
8;18:50;566
9;18:50;567
10;18:50;612
11;18:50;501
12;18:50;599
13;18:50;583
14;18:50;600
15;18:50;589
16;18:50;605
1;18:51;498
2;18:51;597
3;18:51;608
4;18:51;578
5;18:51;562
6;18:51;503
7;18:51;616
8;18:51;587
9;18:51;557
10;18:51;582
11;18:51;469
12;18:51;594
13;18:51;558
14;18:51;593
15;18:51;560
16;18:51;590
1;18:52;488
2;18:52;577
3;18:52;594
4;18:52;578
5;18:52;559
6;18:52;501
7;18:52;574
8;18:52;595
9;18:52;605
10;18:52;560
11;18:52;510
12;18:52;587
13;18:52;582
14;18:52;575
15;18:52;587
16;18:52;576
1;18:53;470
2;18:53;595
3;18:53;559
4;18:53;595
5;18:53;565
6;18:53;515
7;18:53;557
8;18:53;559
9;18:53;557
10;18:53;593
11;18:53;502
12;18:53;559
13;18:53;585
14;18:53;552
15;18:53;616
16;18:53;552
1;18:54;462
2;18:54;609
3;18:54;574
4;18:54;601
5;18:54;574
6;18:54;497
7;18:54;589
8;18:54;605
9;18:54;585
10;18:54;618
11;18:54;500
12;18:54;585
13;18:54;619
14;18:54;606
15;18:54;616
16;18:54;616
1;18:55;504
2;18:55;551
3;18:55;575
4;18:55;566
5;18:55;594
6;18:55;484
7;18:55;606
8;18:55;571
9;18:55;550
10;18:55;551
11;18:55;506
12;18:55;618
13;18:55;599
14;18:55;553
15;18:55;552
16;18:55;574
1;18:56;462
2;18:56;604
3;18:56;571
4;18:56;614
5;18:56;603
6;18:56;496
7;18:56;593
8;18:56;593
9;18:56;563
10;18:56;611
11;18:56;488
12;18:56;594
13;18:56;597
14;18:56;572
15;18:56;617
16;18:56;611
1;18:57;504
2;18:57;589
3;18:57;603
4;18:57;577
5;18:57;557
6;18:57;467
7;18:57;580
8;18:57;605
9;18:57;582
10;18:57;569
11;18:57;457
12;18:57;570
13;18:57;556
14;18:57;554
15;18:57;586
16;18:57;600
1;18:58;464
2;18:58;617
3;18:58;611
4;18:58;611
5;18:58;575
6;18:58;483
7;18:58;620
8;18:58;563
9;18:58;552
10;18:58;585
11;18:58;516
12;18:58;558
13;18:58;561
14;18:58;601
15;18:58;578
16;18:58;603
1;18:59;501
2;18:59;612
3;18:59;620
4;18:59;598
5;18:59;613
6;18:59;486
7;18:59;608
8;18:59;600
9;18:59;608
10;18:59;607
11;18:59;474
12;18:59;552
13;18:59;604
14;18:59;586
15;18:59;567
16;18:59;601
1;19:00;495
2;19:00;560
3;19:00;552
4;19:00;603
5;19:00;615
6;19:00;505
7;19:00;598
8;19:00;571
9;19:00;598
10;19:00;607
11;19:00;475
12;19:00;558
13;19:00;609
14;19:00;569
15;19:00;593
16;19:00;568
1;19:01;503
2;19:01;561
3;19:01;550
4;19:01;583
5;19:01;578
6;19:01;513
7;19:01;583
8;19:01;614
9;19:01;584
10;19:01;585
11;19:01;493
12;19:01;561
13;19:01;612
14;19:01;617
15;19:01;552
16;19:01;593
1;19:02;494
2;19:02;561
3;19:02;571
4;19:02;578
5;19:02;611
6;19:02;451
7;19:02;584
8;19:02;603
9;19:02;565
10;19:02;586
11;19:02;478
12;19:02;606
13;19:02;556
14;19:02;593
15;19:02;570
16;19:02;575
1;19:03;480
2;19:03;620
3;19:03;598
4;19:03;606
5;19:03;576
6;19:03;457
7;19:03;598
8;19:03;590
9;19:03;571
10;19:03;561
11;19:03;519
12;19:03;576
13;19:03;554
14;19:03;601
15;19:03;585
16;19:03;561
1;19:04;461
2;19:04;600
3;19:04;561
4;19:04;568
5;19:04;618
6;19:04;498
7;19:04;584
8;19:04;595
9;19:04;569
10;19:04;586
11;19:04;462
12;19:04;611
13;19:04;596
14;19:04;568
15;19:04;598
16;19:04;551
1;19:05;492
2;19:05;606
3;19:05;575
4;19:05;602
5;19:05;556
6;19:05;498
7;19:05;595
8;19:05;617
9;19:05;590
10;19:05;578
11;19:05;467
12;19:05;586
13;19:05;596
14;19:05;613
15;19:05;587
16;19:05;611
1;19:06;519
2;19:06;576
3;19:06;599
4;19:06;604
5;19:06;601
6;19:06;491
7;19:06;611
8;19:06;610
9;19:06;580
10;19:06;603
11;19:06;490
12;19:06;562
13;19:06;595
14;19:06;611
15;19:06;577
16;19:06;598
1;19:07;491
2;19:07;602
3;19:07;581
4;19:07;589
5;19:07;588
6;19:07;470
7;19:07;576
8;19:07;574
9;19:07;599
10;19:07;572
11;19:07;508
12;19:07;561
13;19:07;565
14;19:07;594
15;19:07;571
16;19:07;559
1;19:08;504
2;19:08;579
3;19:08;565
4;19:08;568
5;19:08;577
6;19:08;516
7;19:08;602
8;19:08;599
9;19:08;582
10;19:08;607
11;19:08;516
12;19:08;571
13;19:08;612
14;19:08;552
15;19:08;551
16;19:08;586
1;19:09;520
2;19:09;586
3;19:09;581
4;19:09;607
5;19:09;612
6;19:09;500
7;19:09;606
8;19:09;580
9;19:09;613
10;19:09;574
11;19:09;488
12;19:09;578
13;19:09;577
14;19:09;553
15;19:09;571
16;19:09;585
1;19:10;487
2;19:10;557
3;19:10;590
4;19:10;583
5;19:10;577
6;19:10;489
7;19:10;587
8;19:10;579
9;19:10;553
10;19:10;578
11;19:10;499
12;19:10;579
13;19:10;573
14;19:10;610
15;19:10;567
16;19:10;557
1;19:11;455
2;19:11;580
3;19:11;575
4;19:11;566
5;19:11;605
6;19:11;498
7;19:11;602
8;19:11;559
9;19:11;582
10;19:11;558
11;19:11;462
12;19:11;592
13;19:11;561
14;19:11;559
15;19:11;590
16;19:11;550
1;19:12;473
2;19:12;608
3;19:12;579
4;19:12;579
5;19:12;594
6;19:12;504
7;19:12;557
8;19:12;590
9;19:12;602
10;19:12;618
11;19:12;478
12;19:12;600
13;19:12;569
14;19:12;619
15;19:12;579
16;19:12;551
1;19:13;454
2;19:13;604
3;19:13;611
4;19:13;583
5;19:13;616
6;19:13;475
7;19:13;583
8;19:13;585
9;19:13;616
10;19:13;551
11;19:13;520
12;19:13;553
13;19:13;551
14;19:13;618
15;19:13;616
16;19:13;584
1;19:14;464
2;19:14;612
3;19:14;603
4;19:14;597
5;19:14;580
6;19:14;518
7;19:14;579
8;19:14;556
9;19:14;589
10;19:14;593
11;19:14;452
12;19:14;581
13;19:14;567
14;19:14;610
15;19:14;601
16;19:14;597
1;19:15;486
2;19:15;553
3;19:15;567
4;19:15;565
5;19:15;562
6;19:15;485
7;19:15;576
8;19:15;600
9;19:15;561
10;19:15;620
11;19:15;455
12;19:15;556
13;19:15;563
14;19:15;573
15;19:15;594
16;19:15;569
1;19:16;451
2;19:16;619
3;19:16;584
4;19:16;585
5;19:16;557
6;19:16;498
7;19:16;553
8;19:16;576
9;19:16;564
10;19:16;595
11;19:16;481
12;19:16;580
13;19:16;590
14;19:16;596
15;19:16;565
16;19:16;619
1;19:17;459
2;19:17;550
3;19:17;614
4;19:17;603
5;19:17;590
6;19:17;520
7;19:17;602
8;19:17;586
9;19:17;578
10;19:17;611
11;19:17;473
12;19:17;593
13;19:17;615
14;19:17;595
15;19:17;564
16;19:17;561
1;19:18;487
2;19:18;581
3;19:18;557
4;19:18;579
5;19:18;620
6;19:18;480
7;19:18;553
8;19:18;612
9;19:18;597
10;19:18;574
11;19:18;513
12;19:18;589
13;19:18;560
14;19:18;598
15;19:18;550
16;19:18;571
1;19:19;499
2;19:19;559
3;19:19;567
4;19:19;603
5;19:19;574
6;19:19;467
7;19:19;613
8;19:19;617
9;19:19;598
10;19:19;557
11;19:19;483
12;19:19;599
13;19:19;605
14;19:19;582
15;19:19;609
16;19:19;594
1;19:20;476
2;19:20;578
3;19:20;586
4;19:20;596
5;19:20;577
6;19:20;497
7;19:20;566
8;19:20;559
9;19:20;598
10;19:20;575
11;19:20;508
12;19:20;589
13;19:20;585
14;19:20;599
15;19:20;575
16;19:20;610
1;19:21;478
2;19:21;580
3;19:21;580
4;19:21;594
5;19:21;576
6;19:21;492
7;19:21;612
8;19:21;580
9;19:21;581
10;19:21;560
11;19:21;474
12;19:21;556
13;19:21;587
14;19:21;584
15;19:21;589
16;19:21;550
1;19:22;502
2;19:22;601
3;19:22;596
4;19:22;570
5;19:22;581
6;19:22;491
7;19:22;568
8;19:22;606
9;19:22;580
10;19:22;596
11;19:22;508
12;19:22;568
13;19:22;593
14;19:22;555
15;19:22;574
16;19:22;592
1;19:23;518
2;19:23;604
3;19:23;557
4;19:23;596
5;19:23;563
6;19:23;494
7;19:23;607
8;19:23;598
9;19:23;587
10;19:23;599
11;19:23;452
12;19:23;610
13;19:23;579
14;19:23;559
15;19:23;583
16;19:23;556
1;19:24;466
2;19:24;553
3;19:24;558
4;19:24;585
5;19:24;603
6;19:24;507
7;19:24;608
8;19:24;560
9;19:24;553
10;19:24;553
11;19:24;502
12;19:24;553
13;19:24;558
14;19:24;566
15;19:24;567
16;19:24;612
1;19:25;460
2;19:25;562
3;19:25;617
4;19:25;563
5;19:25;610
6;19:25;465
7;19:25;578
8;19:25;573
9;19:25;550
10;19:25;553
11;19:25;460
12;19:25;607
13;19:25;595
14;19:25;606
15;19:25;581
16;19:25;587
1;19:26;494
2;19:26;552
3;19:26;562
4;19:26;563
5;19:26;565
6;19:26;462
7;19:26;607
8;19:26;606
9;19:26;589
10;19:26;597
11;19:26;466
12;19:26;553
13;19:26;605
14;19:26;555
15;19:26;557
16;19:26;613
1;19:27;454
2;19:27;575
3;19:27;601
4;19:27;574
5;19:27;590
6;19:27;460
7;19:27;589
8;19:27;592
9;19:27;554
10;19:27;553
11;19:27;470
12;19:27;564
13;19:27;582
14;19:27;611
15;19:27;618
16;19:27;568
1;19:28;499
2;19:28;619
3;19:28;620
4;19:28;558
5;19:28;557
6;19:28;474
7;19:28;565
8;19:28;612
9;19:28;593
10;19:28;567
11;19:28;494
12;19:28;603
13;19:28;584
14;19:28;620
15;19:28;610
16;19:28;597
1;19:29;467
2;19:29;616
3;19:29;620
4;19:29;619
5;19:29;559
6;19:29;455
7;19:29;606
8;19:29;566
9;19:29;555
10;19:29;570
11;19:29;458
12;19:29;579
13;19:29;600
14;19:29;568
15;19:29;570
16;19:29;586
1;19:30;454
2;19:30;598
3;19:30;557
4;19:30;585
5;19:30;568
6;19:30;501
7;19:30;586
8;19:30;605
9;19:30;594
10;19:30;604
11;19:30;456
12;19:30;582
13;19:30;578
14;19:30;619
15;19:30;590
16;19:30;579
1;19:31;487
2;19:31;552
3;19:31;555
4;19:31;587
5;19:31;608
6;19:31;463
7;19:31;600
8;19:31;610
9;19:31;570
10;19:31;574
11;19:31;455
12;19:31;619
13;19:31;620
14;19:31;558
15;19:31;578
16;19:31;553
1;19:32;518
2;19:32;566
3;19:32;557
4;19:32;590
5;19:32;616
6;19:32;496
7;19:32;615
8;19:32;611
9;19:32;593
10;19:32;595
11;19:32;516
12;19:32;579
13;19:32;592
14;19:32;564
15;19:32;579
16;19:32;578
1;19:33;499
2;19:33;589
3;19:33;557
4;19:33;580
5;19:33;601
6;19:33;506
7;19:33;603
8;19:33;606
9;19:33;591
10;19:33;609
11;19:33;498
12;19:33;596
13;19:33;595
14;19:33;610
15;19:33;567
16;19:33;589
1;19:34;450
2;19:34;617
3;19:34;576
4;19:34;575
5;19:34;596
6;19:34;517
7;19:34;598
8;19:34;556
9;19:34;567
10;19:34;613
11;19:34;504
12;19:34;615
13;19:34;587
14;19:34;613
15;19:34;582
16;19:34;563
1;19:35;484
2;19:35;607
3;19:35;605
4;19:35;613
5;19:35;599
6;19:35;482
7;19:35;576
8;19:35;605
9;19:35;600
10;19:35;620
11;19:35;451
12;19:35;579
13;19:35;582
14;19:35;550
15;19:35;555
16;19:35;550
1;19:36;480
2;19:36;563
3;19:36;620
4;19:36;600
5;19:36;596
6;19:36;496
7;19:36;620
8;19:36;587
9;19:36;568
10;19:36;583
11;19:36;476
12;19:36;596
13;19:36;598
14;19:36;581
15;19:36;550
16;19:36;597
1;19:37;500
2;19:37;556
3;19:37;587
4;19:37;609
5;19:37;598
6;19:37;490
7;19:37;561
8;19:37;594
9;19:37;579
10;19:37;608
11;19:37;473
12;19:37;603
13;19:37;551
14;19:37;554
15;19:37;592
16;19:37;569
1;19:38;484
2;19:38;576
3;19:38;619
4;19:38;558
5;19:38;610
6;19:38;520
7;19:38;578
8;19:38;567
9;19:38;616
10;19:38;580
11;19:38;508
12;19:38;577
13;19:38;599
14;19:38;580
15;19:38;591
16;19:38;579
1;19:39;457
2;19:39;561
3;19:39;601
4;19:39;560
5;19:39;609
6;19:39;504
7;19:39;620
8;19:39;580
9;19:39;609
10;19:39;579
11;19:39;499
12;19:39;556
13;19:39;554
14;19:39;560
15;19:39;550
16;19:39;599
1;19:40;499
2;19:40;587
3;19:40;576
4;19:40;571
5;19:40;581
6;19:40;501
7;19:40;603
8;19:40;553
9;19:40;605
10;19:40;599
11;19:40;515
12;19:40;583
13;19:40;569
14;19:40;601
15;19:40;557
16;19:40;596
1;19:41;454
2;19:41;583
3;19:41;556
4;19:41;582
5;19:41;581
6;19:41;490
7;19:41;565
8;19:41;600
9;19:41;592
10;19:41;577
11;19:41;491
12;19:41;573
13;19:41;610
14;19:41;568
15;19:41;574
16;19:41;578
1;19:42;505
2;19:42;561
3;19:42;607
4;19:42;555
5;19:42;571
6;19:42;517
7;19:42;591
8;19:42;568
9;19:42;611
10;19:42;574
11;19:42;517
12;19:42;615
13;19:42;551
14;19:42;554
15;19:42;576
16;19:42;581
1;19:43;471
2;19:43;590
3;19:43;612
4;19:43;590
5;19:43;559
6;19:43;464
7;19:43;607
8;19:43;561
9;19:43;596
10;19:43;596
11;19:43;491
12;19:43;606
13;19:43;591
14;19:43;617
15;19:43;575
16;19:43;554
1;19:44;515
2;19:44;571
3;19:44;568
4;19:44;597
5;19:44;561
6;19:44;474
7;19:44;579
8;19:44;617
9;19:44;580
10;19:44;551
11;19:44;504
12;19:44;560
13;19:44;604
14;19:44;598
15;19:44;617
16;19:44;611
1;19:45;478
2;19:45;569
3;19:45;591
4;19:45;571
5;19:45;617
6;19:45;469
7;19:45;595
8;19:45;603
9;19:45;604
10;19:45;569
11;19:45;458
12;19:45;614
13;19:45;601
14;19:45;596
15;19:45;596
16;19:45;611
1;19:46;495
2;19:46;577
3;19:46;588
4;19:46;560
5;19:46;579
6;19:46;503
7;19:46;563
8;19:46;556
9;19:46;610
10;19:46;581
11;19:46;492
12;19:46;603
13;19:46;593
14;19:46;577
15;19:46;562
16;19:46;586
1;19:47;513
2;19:47;550
3;19:47;587
4;19:47;619
5;19:47;572
6;19:47;453
7;19:47;615
8;19:47;553
9;19:47;574
10;19:47;603
11;19:47;478
12;19:47;577
13;19:47;565
14;19:47;580
15;19:47;604
16;19:47;572
1;19:48;500
2;19:48;600
3;19:48;605
4;19:48;609
5;19:48;570
6;19:48;483
7;19:48;570
8;19:48;603
9;19:48;587
10;19:48;561
11;19:48;495
12;19:48;577
13;19:48;609
14;19:48;552
15;19:48;578
16;19:48;560
1;19:49;475
2;19:49;588
3;19:49;591
4;19:49;603
5;19:49;611
6;19:49;502
7;19:49;554
8;19:49;563
9;19:49;599
10;19:49;607
11;19:49;501
12;19:49;554
13;19:49;578
14;19:49;577
15;19:49;620
16;19:49;562
1;19:50;500
2;19:50;554
3;19:50;550
4;19:50;617
5;19:50;611
6;19:50;517
7;19:50;581
8;19:50;608
9;19:50;550
10;19:50;602
11;19:50;464
12;19:50;572
13;19:50;581
14;19:50;616
15;19:50;583
16;19:50;615
1;19:51;477
2;19:51;593
3;19:51;602
4;19:51;579
5;19:51;570
6;19:51;516
7;19:51;616
8;19:51;609
9;19:51;593
10;19:51;608
11;19:51;451
12;19:51;570
13;19:51;556
14;19:51;554
15;19:51;620
16;19:51;572
1;19:52;499
2;19:52;606
3;19:52;563
4;19:52;575
5;19:52;578
6;19:52;483
7;19:52;583
8;19:52;551
9;19:52;558
10;19:52;612
11;19:52;514
12;19:52;609
13;19:52;594
14;19:52;617
15;19:52;581
16;19:52;599
1;19:53;518
2;19:53;605
3;19:53;617
4;19:53;610
5;19:53;590
6;19:53;450
7;19:53;561
8;19:53;571
9;19:53;580
10;19:53;612
11;19:53;517
12;19:53;567
13;19:53;550
14;19:53;603
15;19:53;608
16;19:53;570
1;19:54;473
2;19:54;589
3;19:54;573
4;19:54;616
5;19:54;558
6;19:54;477
7;19:54;574
8;19:54;592
9;19:54;580
10;19:54;599
11;19:54;489
12;19:54;589
13;19:54;597
14;19:54;553
15;19:54;615
16;19:54;606
1;19:55;459
2;19:55;578
3;19:55;607
4;19:55;583
5;19:55;588
6;19:55;453
7;19:55;597
8;19:55;611
9;19:55;603
10;19:55;551
11;19:55;493
12;19:55;581
13;19:55;600
14;19:55;617
15;19:55;580
16;19:55;591
1;19:56;513
2;19:56;610
3;19:56;588
4;19:56;600
5;19:56;566
6;19:56;505
7;19:56;577
8;19:56;574
9;19:56;553
10;19:56;568
11;19:56;460
12;19:56;614
13;19:56;564
14;19:56;579
15;19:56;597
16;19:56;590
1;19:57;503
2;19:57;557
3;19:57;593
4;19:57;612
5;19:57;587
6;19:57;488
7;19:57;597
8;19:57;580
9;19:57;589
10;19:57;599
11;19:57;482
12;19:57;555
13;19:57;615
14;19:57;611
15;19:57;571
16;19:57;567
1;19:58;479
2;19:58;608
3;19:58;577
4;19:58;611
5;19:58;599
6;19:58;451
7;19:58;565
8;19:58;552
9;19:58;590
10;19:58;575
11;19:58;498
12;19:58;570
13;19:58;616
14;19:58;572
15;19:58;558
16;19:58;555
1;19:59;515
2;19:59;605
3;19:59;569
4;19:59;601
5;19:59;603
6;19:59;491
7;19:59;569
8;19:59;617
9;19:59;583
10;19:59;581
11;19:59;517
12;19:59;563
13;19:59;578
14;19:59;579
15;19:59;607
16;19:59;596
1;20:00;477
2;20:00;554
3;20:00;584
4;20:00;605
5;20:00;602
6;20:00;504
7;20:00;594
8;20:00;606
9;20:00;577
10;20:00;611
11;20:00;516
12;20:00;595
13;20:00;588
14;20:00;550
15;20:00;586
16;20:00;590
1;20:01;489
2;20:01;601
3;20:01;550
4;20:01;599
5;20:01;593
6;20:01;513
7;20:01;609
8;20:01;576
9;20:01;604
10;20:01;593
11;20:01;464
12;20:01;561
13;20:01;599
14;20:01;566
15;20:01;597
16;20:01;595
1;20:02;493
2;20:02;562
3;20:02;571
4;20:02;576
5;20:02;585
6;20:02;493
7;20:02;558
8;20:02;591
9;20:02;616
10;20:02;616
11;20:02;457
12;20:02;552
13;20:02;556
14;20:02;620
15;20:02;574
16;20:02;578
1;20:03;471
2;20:03;569
3;20:03;563
4;20:03;558
5;20:03;586
6;20:03;496
7;20:03;588
8;20:03;558
9;20:03;618
10;20:03;617
11;20:03;499
12;20:03;589
13;20:03;577
14;20:03;608
15;20:03;555
16;20:03;614
1;20:04;492
2;20:04;616
3;20:04;554
4;20:04;617
5;20:04;550
6;20:04;478
7;20:04;613
8;20:04;575
9;20:04;609
10;20:04;586
11;20:04;505
12;20:04;575
13;20:04;577
14;20:04;604
15;20:04;580
16;20:04;594
1;20:05;452
2;20:05;579
3;20:05;589
4;20:05;572
5;20:05;590
6;20:05;466
7;20:05;552
8;20:05;557
9;20:05;553
10;20:05;592
11;20:05;497
12;20:05;588
13;20:05;584
14;20:05;571
15;20:05;597
16;20:05;562
1;20:06;494
2;20:06;561
3;20:06;554
4;20:06;609
5;20:06;577
6;20:06;509
7;20:06;599
8;20:06;576
9;20:06;557
10;20:06;601
11;20:06;511
12;20:06;555
13;20:06;586
14;20:06;575
15;20:06;604
16;20:06;611
1;20:07;461
2;20:07;617
3;20:07;604
4;20:07;612
5;20:07;552
6;20:07;488
7;20:07;589
8;20:07;612
9;20:07;587
10;20:07;609
11;20:07;452
12;20:07;618
13;20:07;550
14;20:07;614
15;20:07;570
16;20:07;607
1;20:08;510
2;20:08;590
3;20:08;581
4;20:08;601
5;20:08;590
6;20:08;477
7;20:08;552
8;20:08;572
9;20:08;569
10;20:08;579
11;20:08;515
12;20:08;604
13;20:08;574
14;20:08;596
15;20:08;618
16;20:08;584
1;20:09;504
2;20:09;594
3;20:09;575
4;20:09;566
5;20:09;615
6;20:09;465
7;20:09;613
8;20:09;610
9;20:09;612
10;20:09;590
11;20:09;481
12;20:09;576
13;20:09;612
14;20:09;587
15;20:09;620
16;20:09;564
1;20:10;489
2;20:10;586
3;20:10;586
4;20:10;552
5;20:10;571
6;20:10;486
7;20:10;610
8;20:10;606
9;20:10;585
10;20:10;597
11;20:10;497
12;20:10;557
13;20:10;550
14;20:10;590
15;20:10;563
16;20:10;584
1;20:11;484
2;20:11;568
3;20:11;613
4;20:11;564
5;20:11;597
6;20:11;504
7;20:11;550
8;20:11;575
9;20:11;594
10;20:11;596
11;20:11;490
12;20:11;577
13;20:11;558
14;20:11;557
15;20:11;587
16;20:11;584
1;20:12;514
2;20:12;587
3;20:12;619
4;20:12;557
5;20:12;551
6;20:12;461
7;20:12;581
8;20:12;605
9;20:12;553
10;20:12;559
11;20:12;460
12;20:12;567
13;20:12;565
14;20:12;560
15;20:12;564
16;20:12;604
1;20:13;504
2;20:13;602
3;20:13;587
4;20:13;608
5;20:13;579
6;20:13;509
7;20:13;617
8;20:13;567
9;20:13;591
10;20:13;573
11;20:13;489
12;20:13;557
13;20:13;582
14;20:13;582
15;20:13;612
16;20:13;620
1;20:14;473
2;20:14;579
3;20:14;602
4;20:14;565
5;20:14;604
6;20:14;480
7;20:14;561
8;20:14;559
9;20:14;566
10;20:14;612
11;20:14;493
12;20:14;617
13;20:14;609
14;20:14;578
15;20:14;609
16;20:14;570
1;20:15;458
2;20:15;557
3;20:15;572
4;20:15;582
5;20:15;579
6;20:15;514
7;20:15;557
8;20:15;586
9;20:15;574
10;20:15;574
11;20:15;455
12;20:15;574
13;20:15;601
14;20:15;595
15;20:15;560
16;20:15;606
1;20:16;513
2;20:16;606
3;20:16;583
4;20:16;578
5;20:16;589
6;20:16;504
7;20:16;609
8;20:16;550
9;20:16;605
10;20:16;586
11;20:16;511
12;20:16;582
13;20:16;588
14;20:16;618
15;20:16;582
16;20:16;609
1;20:17;466
2;20:17;604
3;20:17;553
4;20:17;616
5;20:17;567
6;20:17;473
7;20:17;593
8;20:17;612
9;20:17;579
10;20:17;562
11;20:17;468
12;20:17;591
13;20:17;587
14;20:17;577
15;20:17;572
16;20:17;585
1;20:18;501
2;20:18;604
3;20:18;587
4;20:18;598
5;20:18;559
6;20:18;516
7;20:18;610
8;20:18;560
9;20:18;558
10;20:18;574
11;20:18;489
12;20:18;610
13;20:18;584
14;20:18;587
15;20:18;563
16;20:18;568
1;20:19;478
2;20:19;564
3;20:19;584
4;20:19;613
5;20:19;584
6;20:19;469
7;20:19;610
8;20:19;573
9;20:19;550
10;20:19;620
11;20:19;472
12;20:19;570
13;20:19;563
14;20:19;599
15;20:19;616
16;20:19;576
1;20:20;513
2;20:20;572
3;20:20;573
4;20:20;576
5;20:20;587
6;20:20;477
7;20:20;574
8;20:20;601
9;20:20;606
10;20:20;583
11;20:20;501
12;20:20;583
13;20:20;587
14;20:20;563
15;20:20;615
16;20:20;560
1;20:21;477
2;20:21;614
3;20:21;585
4;20:21;596
5;20:21;585
6;20:21;459
7;20:21;570
8;20:21;580
9;20:21;570
10;20:21;607
11;20:21;519
12;20:21;609
13;20:21;558
14;20:21;556
15;20:21;618
16;20:21;568
1;20:22;503
2;20:22;592
3;20:22;600
4;20:22;589
5;20:22;597
6;20:22;450
7;20:22;567
8;20:22;564
9;20:22;583
10;20:22;580
11;20:22;488
12;20:22;573
13;20:22;553
14;20:22;566
15;20:22;583
16;20:22;578
1;20:23;479
2;20:23;554
3;20:23;598
4;20:23;572
5;20:23;620
6;20:23;455
7;20:23;604
8;20:23;558
9;20:23;555
10;20:23;607
11;20:23;485
12;20:23;595
13;20:23;596
14;20:23;572
15;20:23;598
16;20:23;575
1;20:24;486
2;20:24;589
3;20:24;569
4;20:24;592
5;20:24;618
6;20:24;456
7;20:24;582
8;20:24;573
9;20:24;613
10;20:24;555
11;20:24;467
12;20:24;554
13;20:24;571
14;20:24;594
15;20:24;613
16;20:24;581
1;20:25;456
2;20:25;573
3;20:25;620
4;20:25;573
5;20:25;600
6;20:25;484
7;20:25;561
8;20:25;591
9;20:25;554
10;20:25;584
11;20:25;466
12;20:25;594
13;20:25;581
14;20:25;612
15;20:25;583
16;20:25;557
1;20:26;471
2;20:26;608
3;20:26;572
4;20:26;592
5;20:26;563
6;20:26;500
7;20:26;593
8;20:26;598
9;20:26;556
10;20:26;615
11;20:26;489
12;20:26;595
13;20:26;572
14;20:26;574
15;20:26;593
16;20:26;587
1;20:27;520
2;20:27;568
3;20:27;589
4;20:27;572
5;20:27;599
6;20:27;451
7;20:27;598
8;20:27;579
9;20:27;553
10;20:27;613
11;20:27;514
12;20:27;587
13;20:27;617
14;20:27;553
15;20:27;580
16;20:27;559
1;20:28;519
2;20:28;568
3;20:28;602
4;20:28;600
5;20:28;581
6;20:28;520
7;20:28;570
8;20:28;580
9;20:28;563
10;20:28;574
11;20:28;483
12;20:28;583
13;20:28;601
14;20:28;568
15;20:28;619
16;20:28;608
1;20:29;451
2;20:29;587
3;20:29;614
4;20:29;602
5;20:29;613
6;20:29;479
7;20:29;611
8;20:29;604
9;20:29;568
10;20:29;554
11;20:29;476
12;20:29;558
13;20:29;558
14;20:29;612
15;20:29;601
16;20:29;614
1;20:30;518
2;20:30;619
3;20:30;558
4;20:30;618
5;20:30;609
6;20:30;459
7;20:30;562
8;20:30;606
9;20:30;613
10;20:30;575
11;20:30;456
12;20:30;611
13;20:30;550
14;20:30;582
15;20:30;597
16;20:30;605
1;20:31;480
2;20:31;616
3;20:31;570
4;20:31;616
5;20:31;584
6;20:31;479
7;20:31;586
8;20:31;553
9;20:31;559
10;20:31;559
11;20:31;496
12;20:31;553
13;20:31;608
14;20:31;568
15;20:31;575
16;20:31;559
1;20:32;491
2;20:32;552
3;20:32;580
4;20:32;562
5;20:32;588
6;20:32;471
7;20:32;600
8;20:32;613
9;20:32;610
10;20:32;619
11;20:32;466
12;20:32;590
13;20:32;581
14;20:32;580
15;20:32;592
16;20:32;574
1;20:33;505
2;20:33;560
3;20:33;608
4;20:33;617
5;20:33;613
6;20:33;484
7;20:33;573
8;20:33;591
9;20:33;578
10;20:33;606
11;20:33;511
12;20:33;577
13;20:33;607
14;20:33;567
15;20:33;619
16;20:33;602
1;20:34;512
2;20:34;618
3;20:34;618
4;20:34;610
5;20:34;602
6;20:34;474
7;20:34;574
8;20:34;590
9;20:34;589
10;20:34;609
11;20:34;452
12;20:34;585
13;20:34;583
14;20:34;597
15;20:34;606
16;20:34;601
1;20:35;453
2;20:35;610
3;20:35;555
4;20:35;615
5;20:35;556
6;20:35;461
7;20:35;566
8;20:35;566
9;20:35;596
10;20:35;577
11;20:35;485
12;20:35;597
13;20:35;578
14;20:35;560
15;20:35;555
16;20:35;593
1;20:36;464
2;20:36;592
3;20:36;598
4;20:36;614
5;20:36;592
6;20:36;460
7;20:36;561
8;20:36;619
9;20:36;593
10;20:36;600
11;20:36;495
12;20:36;594
13;20:36;578
14;20:36;587
15;20:36;557
16;20:36;550
1;20:37;450
2;20:37;592
3;20:37;611
4;20:37;558
5;20:37;591
6;20:37;468
7;20:37;572
8;20:37;599
9;20:37;620
10;20:37;556
11;20:37;484
12;20:37;579
13;20:37;594
14;20:37;597
15;20:37;550
16;20:37;574
1;20:38;512
2;20:38;594
3;20:38;571
4;20:38;609
5;20:38;611
6;20:38;477
7;20:38;569
8;20:38;560
9;20:38;602
10;20:38;605
11;20:38;468
12;20:38;587
13;20:38;562
14;20:38;618
15;20:38;576
16;20:38;618
1;20:39;513
2;20:39;564
3;20:39;573
4;20:39;554
5;20:39;603
6;20:39;490
7;20:39;590
8;20:39;586
9;20:39;576
10;20:39;618
11;20:39;469
12;20:39;593
13;20:39;610
14;20:39;590
15;20:39;590
16;20:39;560
1;20:40;470
2;20:40;600
3;20:40;561
4;20:40;574
5;20:40;551
6;20:40;509
7;20:40;602
8;20:40;553
9;20:40;595
10;20:40;617
11;20:40;507
12;20:40;550
13;20:40;594
14;20:40;567
15;20:40;587
16;20:40;560
1;20:41;496
2;20:41;563
3;20:41;620
4;20:41;617
5;20:41;616
6;20:41;488
7;20:41;556
8;20:41;611
9;20:41;591
10;20:41;567
11;20:41;504
12;20:41;573
13;20:41;589
14;20:41;556
15;20:41;572
16;20:41;578
1;20:42;501
2;20:42;582
3;20:42;551
4;20:42;613
5;20:42;576
6;20:42;479
7;20:42;565
8;20:42;555
9;20:42;553
10;20:42;620
11;20:42;492
12;20:42;565
13;20:42;576
14;20:42;585
15;20:42;590
16;20:42;601
1;20:43;480
2;20:43;592
3;20:43;556
4;20:43;602
5;20:43;604
6;20:43;453
7;20:43;578
8;20:43;557
9;20:43;606
10;20:43;583
11;20:43;495
12;20:43;552
13;20:43;560
14;20:43;591
15;20:43;579
16;20:43;591
1;20:44;450
2;20:44;601
3;20:44;620
4;20:44;569
5;20:44;576
6;20:44;476
7;20:44;620
8;20:44;590
9;20:44;604
10;20:44;551
11;20:44;462
12;20:44;568
13;20:44;610
14;20:44;580
15;20:44;584
16;20:44;610
1;20:45;519
2;20:45;559
3;20:45;591
4;20:45;560
5;20:45;614
6;20:45;476
7;20:45;589
8;20:45;570
9;20:45;601
10;20:45;581
11;20:45;509
12;20:45;603
13;20:45;561
14;20:45;597
15;20:45;590
16;20:45;595
1;20:46;478
2;20:46;606
3;20:46;568
4;20:46;561
5;20:46;558
6;20:46;457
7;20:46;619
8;20:46;602
9;20:46;611
10;20:46;601
11;20:46;496
12;20:46;557
13;20:46;568
14;20:46;610
15;20:46;591
16;20:46;558
1;20:47;451
2;20:47;574
3;20:47;595
4;20:47;559
5;20:47;612
6;20:47;510
7;20:47;618
8;20:47;561
9;20:47;593
10;20:47;586
11;20:47;480
12;20:47;565
13;20:47;574
14;20:47;591
15;20:47;564
16;20:47;561
1;20:48;469
2;20:48;563
3;20:48;555
4;20:48;601
5;20:48;585
6;20:48;501
7;20:48;610
8;20:48;585
9;20:48;557
10;20:48;576
11;20:48;456
12;20:48;620
13;20:48;566
14;20:48;554
15;20:48;568
16;20:48;606
1;20:49;473
2;20:49;569
3;20:49;575
4;20:49;589
5;20:49;618
6;20:49;488
7;20:49;614
8;20:49;584
9;20:49;593
10;20:49;606
11;20:49;452
12;20:49;560
13;20:49;608
14;20:49;570
15;20:49;588
16;20:49;563
1;20:50;497
2;20:50;591
3;20:50;562
4;20:50;597
5;20:50;583
6;20:50;455
7;20:50;586
8;20:50;585
9;20:50;611
10;20:50;563
11;20:50;512
12;20:50;571
13;20:50;593
14;20:50;600
15;20:50;562
16;20:50;614
1;20:51;465
2;20:51;555
3;20:51;592
4;20:51;611
5;20:51;618
6;20:51;514
7;20:51;566
8;20:51;574
9;20:51;557
10;20:51;617
11;20:51;504
12;20:51;613
13;20:51;595
14;20:51;584
15;20:51;574
16;20:51;603
1;20:52;520
2;20:52;618
3;20:52;598
4;20:52;585
5;20:52;607
6;20:52;489
7;20:52;604
8;20:52;560
9;20:52;616
10;20:52;602
11;20:52;483
12;20:52;589
13;20:52;605
14;20:52;614
15;20:52;594
16;20:52;613
1;20:53;498
2;20:53;595
3;20:53;619
4;20:53;603
5;20:53;592
6;20:53;450
7;20:53;603
8;20:53;573
9;20:53;586
10;20:53;560
11;20:53;487
12;20:53;592
13;20:53;556
14;20:53;556
15;20:53;566
16;20:53;558
1;20:54;501
2;20:54;587
3;20:54;557
4;20:54;558
5;20:54;560
6;20:54;513
7;20:54;566
8;20:54;611
9;20:54;608
10;20:54;564
11;20:54;453
12;20:54;554
13;20:54;583
14;20:54;602
15;20:54;613
16;20:54;550
1;20:55;512
2;20:55;585
3;20:55;550
4;20:55;618
5;20:55;579
6;20:55;485
7;20:55;578
8;20:55;559
9;20:55;602
10;20:55;562
11;20:55;458
12;20:55;556
13;20:55;602
14;20:55;583
15;20:55;583
16;20:55;560
1;20:56;491
2;20:56;601
3;20:56;614
4;20:56;601
5;20:56;580
6;20:56;476
7;20:56;550
8;20:56;588
9;20:56;566
10;20:56;601
11;20:56;480
12;20:56;600
13;20:56;582
14;20:56;556
15;20:56;574
16;20:56;599
1;20:57;473
2;20:57;556
3;20:57;597
4;20:57;600
5;20:57;564
6;20:57;520
7;20:57;581
8;20:57;552
9;20:57;575
10;20:57;602
11;20:57;485
12;20:57;562
13;20:57;597
14;20:57;576
15;20:57;612
16;20:57;562
1;20:58;510
2;20:58;553
3;20:58;585
4;20:58;552
5;20:58;568
6;20:58;459
7;20:58;609
8;20:58;560
9;20:58;553
10;20:58;598
11;20:58;499
12;20:58;588
13;20:58;582
14;20:58;617
15;20:58;609
16;20:58;586
1;20:59;494
2;20:59;577
3;20:59;615
4;20:59;563
5;20:59;593
6;20:59;506
7;20:59;555
8;20:59;551
9;20:59;598
10;20:59;581
11;20:59;473
12;20:59;561
13;20:59;578
14;20:59;571
15;20:59;555
16;20:59;618
1;21:00;467
2;21:00;565
3;21:00;560
4;21:00;589
5;21:00;550
6;21:00;519
7;21:00;567
8;21:00;568
9;21:00;598
10;21:00;558
11;21:00;460
12;21:00;615
13;21:00;568
14;21:00;555
15;21:00;614
16;21:00;561
1;21:01;510
2;21:01;566
3;21:01;562
4;21:01;607
5;21:01;552
6;21:01;507
7;21:01;586
8;21:01;609
9;21:01;612
10;21:01;585
11;21:01;470
12;21:01;606
13;21:01;563
14;21:01;612
15;21:01;567
16;21:01;572
1;21:02;498
2;21:02;616
3;21:02;618
4;21:02;603
5;21:02;573
6;21:02;460
7;21:02;606
8;21:02;563
9;21:02;581
10;21:02;600
11;21:02;500
12;21:02;615
13;21:02;598
14;21:02;579
15;21:02;552
16;21:02;581
1;21:03;485
2;21:03;552
3;21:03;564
4;21:03;602
5;21:03;597
6;21:03;501
7;21:03;562
8;21:03;614
9;21:03;553
10;21:03;588
11;21:03;495
12;21:03;582
13;21:03;612
14;21:03;592
15;21:03;552
16;21:03;559
1;21:04;504
2;21:04;609
3;21:04;614
4;21:04;620
5;21:04;566
6;21:04;515
7;21:04;562
8;21:04;607
9;21:04;553
10;21:04;619
11;21:04;461
12;21:04;574
13;21:04;580
14;21:04;578
15;21:04;588
16;21:04;571
1;21:05;482
2;21:05;610
3;21:05;570
4;21:05;570
5;21:05;585
6;21:05;520
7;21:05;551
8;21:05;556
9;21:05;583
10;21:05;581
11;21:05;517
12;21:05;618
13;21:05;616
14;21:05;599
15;21:05;560
16;21:05;606
1;21:06;497
2;21:06;565
3;21:06;564
4;21:06;608
5;21:06;609
6;21:06;494
7;21:06;551
8;21:06;585
9;21:06;609
10;21:06;598
11;21:06;465
12;21:06;569
13;21:06;559
14;21:06;602
15;21:06;568
16;21:06;618
1;21:07;495
2;21:07;603
3;21:07;615
4;21:07;571
5;21:07;613
6;21:07;510
7;21:07;612
8;21:07;613
9;21:07;564
10;21:07;579
11;21:07;520
12;21:07;583
13;21:07;596
14;21:07;585
15;21:07;556
16;21:07;578
1;21:08;475
2;21:08;577
3;21:08;550
4;21:08;567
5;21:08;554
6;21:08;502
7;21:08;551
8;21:08;573
9;21:08;607
10;21:08;590
11;21:08;452
12;21:08;564
13;21:08;614
14;21:08;580
15;21:08;603
16;21:08;602
1;21:09;507
2;21:09;578
3;21:09;563
4;21:09;563
5;21:09;550
6;21:09;484
7;21:09;578
8;21:09;556
9;21:09;558
10;21:09;584
11;21:09;456
12;21:09;610
13;21:09;557
14;21:09;567
15;21:09;573
16;21:09;561
1;21:10;489
2;21:10;556
3;21:10;555
4;21:10;561
5;21:10;569
6;21:10;460
7;21:10;612
8;21:10;612
9;21:10;603
10;21:10;608
11;21:10;510
12;21:10;614
13;21:10;582
14;21:10;608
15;21:10;607
16;21:10;598
1;21:11;457
2;21:11;598
3;21:11;596
4;21:11;591
5;21:11;604
6;21:11;507
7;21:11;584
8;21:11;562
9;21:11;578
10;21:11;573
11;21:11;454
12;21:11;619
13;21:11;619
14;21:11;552
15;21:11;595
16;21:11;593
1;21:12;450
2;21:12;584
3;21:12;580
4;21:12;578
5;21:12;552
6;21:12;469
7;21:12;594
8;21:12;562
9;21:12;575
10;21:12;567
11;21:12;451
12;21:12;583
13;21:12;567
14;21:12;585
15;21:12;569
16;21:12;563
1;21:13;478
2;21:13;558
3;21:13;586
4;21:13;603
5;21:13;596
6;21:13;497
7;21:13;616
8;21:13;561
9;21:13;616
10;21:13;609
11;21:13;517
12;21:13;562
13;21:13;595
14;21:13;603
15;21:13;562
16;21:13;578
1;21:14;474
2;21:14;567
3;21:14;619
4;21:14;558
5;21:14;605
6;21:14;486
7;21:14;599
8;21:14;550
9;21:14;577
10;21:14;581
11;21:14;484
12;21:14;563
13;21:14;615
14;21:14;574
15;21:14;584
16;21:14;568
1;21:15;472
2;21:15;559
3;21:15;586
4;21:15;554
5;21:15;602
6;21:15;495
7;21:15;584
8;21:15;613
9;21:15;620
10;21:15;550
11;21:15;510
12;21:15;617
13;21:15;606
14;21:15;586
15;21:15;603
16;21:15;587
1;21:16;509
2;21:16;598
3;21:16;581
4;21:16;618
5;21:16;601
6;21:16;473
7;21:16;573
8;21:16;550
9;21:16;554
10;21:16;601
11;21:16;471
12;21:16;608
13;21:16;582
14;21:16;618
15;21:16;554
16;21:16;608
1;21:17;516
2;21:17;605
3;21:17;591
4;21:17;601
5;21:17;561
6;21:17;473
7;21:17;575
8;21:17;588
9;21:17;613
10;21:17;565
11;21:17;464
12;21:17;605
13;21:17;568
14;21:17;619
15;21:17;557
16;21:17;600
1;21:18;512
2;21:18;612
3;21:18;563
4;21:18;588
5;21:18;601
6;21:18;452
7;21:18;611
8;21:18;585
9;21:18;606
10;21:18;596
11;21:18;472
12;21:18;597
13;21:18;615
14;21:18;605
15;21:18;613
16;21:18;568
1;21:19;518
2;21:19;613
3;21:19;593
4;21:19;589
5;21:19;570
6;21:19;510
7;21:19;558
8;21:19;583
9;21:19;559
10;21:19;555
11;21:19;482
12;21:19;613
13;21:19;592
14;21:19;589
15;21:19;590
16;21:19;580
1;21:20;511
2;21:20;607
3;21:20;560
4;21:20;556
5;21:20;570
6;21:20;499
7;21:20;571
8;21:20;599
9;21:20;585
10;21:20;585
11;21:20;476
12;21:20;555
13;21:20;597
14;21:20;564
15;21:20;556
16;21:20;603
1;21:21;515
2;21:21;573
3;21:21;588
4;21:21;595
5;21:21;620
6;21:21;503
7;21:21;603
8;21:21;610
9;21:21;606
10;21:21;580
11;21:21;461
12;21:21;616
13;21:21;557
14;21:21;598
15;21:21;590
16;21:21;565
1;21:22;456
2;21:22;551
3;21:22;577
4;21:22;577
5;21:22;574
6;21:22;501
7;21:22;610
8;21:22;594
9;21:22;578
10;21:22;563
11;21:22;476
12;21:22;575
13;21:22;588
14;21:22;593
15;21:22;561
16;21:22;563
1;21:23;471
2;21:23;613
3;21:23;581
4;21:23;563
5;21:23;582
6;21:23;510
7;21:23;617
8;21:23;592
9;21:23;571
10;21:23;567
11;21:23;482
12;21:23;615
13;21:23;550
14;21:23;566
15;21:23;550
16;21:23;571
1;21:24;455
2;21:24;561
3;21:24;561
4;21:24;566
5;21:24;610
6;21:24;476
7;21:24;597
8;21:24;609
9;21:24;555
10;21:24;561
11;21:24;452
12;21:24;606
13;21:24;597
14;21:24;601
15;21:24;562
16;21:24;555
1;21:25;512
2;21:25;553
3;21:25;613
4;21:25;558
5;21:25;567
6;21:25;456
7;21:25;617
8;21:25;589
9;21:25;560
10;21:25;585
11;21:25;499
12;21:25;612
13;21:25;580
14;21:25;565
15;21:25;554
16;21:25;608
1;21:26;475
2;21:26;564
3;21:26;582
4;21:26;579
5;21:26;601
6;21:26;516
7;21:26;576
8;21:26;567
9;21:26;610
10;21:26;598
11;21:26;510
12;21:26;609
13;21:26;600
14;21:26;581
15;21:26;566
16;21:26;609
1;21:27;481
2;21:27;557
3;21:27;618
4;21:27;582
5;21:27;584
6;21:27;467
7;21:27;614
8;21:27;607
9;21:27;563
10;21:27;562
11;21:27;516
12;21:27;588
13;21:27;573
14;21:27;594
15;21:27;599
16;21:27;572
1;21:28;465
2;21:28;552
3;21:28;596
4;21:28;574
5;21:28;583
6;21:28;458
7;21:28;607
8;21:28;566
9;21:28;618
10;21:28;550
11;21:28;460
12;21:28;554
13;21:28;570
14;21:28;572
15;21:28;620
16;21:28;569
1;21:29;487
2;21:29;552
3;21:29;610
4;21:29;617
5;21:29;620
6;21:29;453
7;21:29;582
8;21:29;608
9;21:29;620
10;21:29;603
11;21:29;518
12;21:29;590
13;21:29;579
14;21:29;599
15;21:29;614
16;21:29;576
1;21:30;504
2;21:30;600
3;21:30;560
4;21:30;618
5;21:30;566
6;21:30;508
7;21:30;602
8;21:30;588
9;21:30;555
10;21:30;565
11;21:30;459
12;21:30;584
13;21:30;560
14;21:30;601
15;21:30;593
16;21:30;557
1;21:31;470
2;21:31;591
3;21:31;561
4;21:31;569
5;21:31;560
6;21:31;502
7;21:31;581
8;21:31;584
9;21:31;603
10;21:31;586
11;21:31;494
12;21:31;619
13;21:31;573
14;21:31;559
15;21:31;609
16;21:31;557
1;21:32;453
2;21:32;602
3;21:32;601
4;21:32;578
5;21:32;569
6;21:32;502
7;21:32;613
8;21:32;559
9;21:32;576
10;21:32;609
11;21:32;466
12;21:32;615
13;21:32;601
14;21:32;618
15;21:32;617
16;21:32;585
1;21:33;513
2;21:33;562
3;21:33;577
4;21:33;578
5;21:33;577
6;21:33;520
7;21:33;598
8;21:33;615
9;21:33;565
10;21:33;575
11;21:33;460
12;21:33;618
13;21:33;578
14;21:33;611
15;21:33;563
16;21:33;616
1;21:34;464
2;21:34;561
3;21:34;597
4;21:34;550
5;21:34;559
6;21:34;481
7;21:34;601
8;21:34;577
9;21:34;601
10;21:34;552
11;21:34;510
12;21:34;591
13;21:34;613
14;21:34;557
15;21:34;570
16;21:34;620
1;21:35;470
2;21:35;554
3;21:35;609
4;21:35;597
5;21:35;566
6;21:35;451
7;21:35;579
8;21:35;557
9;21:35;563
10;21:35;602
11;21:35;476
12;21:35;599
13;21:35;595
14;21:35;589
15;21:35;575
16;21:35;592
1;21:36;481
2;21:36;550
3;21:36;553
4;21:36;572
5;21:36;608
6;21:36;492
7;21:36;561
8;21:36;612
9;21:36;600
10;21:36;563
11;21:36;480
12;21:36;567
13;21:36;559
14;21:36;557
15;21:36;588
16;21:36;566
1;21:37;491
2;21:37;614
3;21:37;588
4;21:37;580
5;21:37;581
6;21:37;473
7;21:37;615
8;21:37;554
9;21:37;586
10;21:37;585
11;21:37;496
12;21:37;550
13;21:37;608
14;21:37;566
15;21:37;568
16;21:37;582
1;21:38;459
2;21:38;578
3;21:38;619
4;21:38;614
5;21:38;578
6;21:38;483
7;21:38;556
8;21:38;606
9;21:38;604
10;21:38;563
11;21:38;456
12;21:38;586
13;21:38;583
14;21:38;569
15;21:38;610
16;21:38;584
1;21:39;484
2;21:39;566
3;21:39;553
4;21:39;580
5;21:39;579
6;21:39;471
7;21:39;552
8;21:39;589
9;21:39;574
10;21:39;585
11;21:39;478
12;21:39;584
13;21:39;607
14;21:39;550
15;21:39;597
16;21:39;567
1;21:40;496
2;21:40;566
3;21:40;562
4;21:40;614
5;21:40;555
6;21:40;458
7;21:40;616
8;21:40;608
9;21:40;584
10;21:40;603
11;21:40;501
12;21:40;611
13;21:40;557
14;21:40;563
15;21:40;614
16;21:40;618
1;21:41;479
2;21:41;569
3;21:41;575
4;21:41;575
5;21:41;573
6;21:41;501
7;21:41;566
8;21:41;572
9;21:41;564
10;21:41;600
11;21:41;468
12;21:41;588
13;21:41;585
14;21:41;561
15;21:41;585
16;21:41;597
1;21:42;501
2;21:42;581
3;21:42;575
4;21:42;596
5;21:42;614
6;21:42;509
7;21:42;607
8;21:42;603
9;21:42;567
10;21:42;606
11;21:42;450
12;21:42;598
13;21:42;604
14;21:42;592
15;21:42;605
16;21:42;581
1;21:43;454
2;21:43;608
3;21:43;579
4;21:43;584
5;21:43;571
6;21:43;517
7;21:43;568
8;21:43;620
9;21:43;613
10;21:43;558
11;21:43;467
12;21:43;576
13;21:43;568
14;21:43;580
15;21:43;578
16;21:43;553
1;21:44;484
2;21:44;602
3;21:44;594
4;21:44;586
5;21:44;591
6;21:44;459
7;21:44;553
8;21:44;565
9;21:44;604
10;21:44;573
11;21:44;463
12;21:44;564
13;21:44;589
14;21:44;619
15;21:44;614
16;21:44;608
1;21:45;467
2;21:45;582
3;21:45;615
4;21:45;611
5;21:45;606
6;21:45;462
7;21:45;583
8;21:45;578
9;21:45;564
10;21:45;564
11;21:45;514
12;21:45;555
13;21:45;562
14;21:45;560
15;21:45;596
16;21:45;567
1;21:46;461
2;21:46;567
3;21:46;579
4;21:46;609
5;21:46;571
6;21:46;455
7;21:46;619
8;21:46;607
9;21:46;589
10;21:46;620
11;21:46;498
12;21:46;610
13;21:46;584
14;21:46;595
15;21:46;576
16;21:46;587
1;21:47;478
2;21:47;555
3;21:47;598
4;21:47;553
5;21:47;600
6;21:47;454
7;21:47;550
8;21:47;557
9;21:47;580
10;21:47;551
11;21:47;510
12;21:47;616
13;21:47;574
14;21:47;561
15;21:47;596
16;21:47;560
1;21:48;500
2;21:48;574
3;21:48;602
4;21:48;603
5;21:48;551
6;21:48;493
7;21:48;615
8;21:48;616
9;21:48;560
10;21:48;614
11;21:48;490
12;21:48;557
13;21:48;573
14;21:48;598
15;21:48;579
16;21:48;582
1;21:49;497
2;21:49;558
3;21:49;583
4;21:49;574
5;21:49;583
6;21:49;514
7;21:49;563
8;21:49;610
9;21:49;598
10;21:49;580
11;21:49;487
12;21:49;615
13;21:49;571
14;21:49;598
15;21:49;610
16;21:49;605
1;21:50;472
2;21:50;595
3;21:50;595
4;21:50;603
5;21:50;593
6;21:50;509
7;21:50;581
8;21:50;553
9;21:50;570
10;21:50;593
11;21:50;482
12;21:50;604
13;21:50;557
14;21:50;556
15;21:50;606
16;21:50;590
1;21:51;492
2;21:51;568
3;21:51;617
4;21:51;604
5;21:51;604
6;21:51;453
7;21:51;603
8;21:51;570
9;21:51;611
10;21:51;603
11;21:51;473
12;21:51;568
13;21:51;619
14;21:51;595
15;21:51;600
16;21:51;617
1;21:52;507
2;21:52;573
3;21:52;603
4;21:52;564
5;21:52;604
6;21:52;513
7;21:52;569
8;21:52;584
9;21:52;572
10;21:52;597
11;21:52;504
12;21:52;617
13;21:52;603
14;21:52;584
15;21:52;593
16;21:52;556
1;21:53;490
2;21:53;606
3;21:53;574
4;21:53;602
5;21:53;572
6;21:53;466
7;21:53;600
8;21:53;601
9;21:53;611
10;21:53;613
11;21:53;466
12;21:53;593
13;21:53;604
14;21:53;580
15;21:53;610
16;21:53;593
1;21:54;492
2;21:54;607
3;21:54;570
4;21:54;599
5;21:54;592
6;21:54;480
7;21:54;575
8;21:54;596
9;21:54;565
10;21:54;620
11;21:54;495
12;21:54;575
13;21:54;610
14;21:54;617
15;21:54;577
16;21:54;614
1;21:55;452
2;21:55;556
3;21:55;552
4;21:55;567
5;21:55;556
6;21:55;453
7;21:55;555
8;21:55;594
9;21:55;551
10;21:55;574
11;21:55;479
12;21:55;558
13;21:55;560
14;21:55;582
15;21:55;555
16;21:55;593
1;21:56;455
2;21:56;584
3;21:56;608
4;21:56;554
5;21:56;579
6;21:56;517
7;21:56;589
8;21:56;604
9;21:56;619
10;21:56;584
11;21:56;481
12;21:56;607
13;21:56;600
14;21:56;550
15;21:56;602
16;21:56;585
1;21:57;508
2;21:57;560
3;21:57;570
4;21:57;598
5;21:57;571
6;21:57;500
7;21:57;567
8;21:57;569
9;21:57;594
10;21:57;618
11;21:57;462
12;21:57;581
13;21:57;607
14;21:57;594
15;21:57;607
16;21:57;618
1;21:58;516
2;21:58;580
3;21:58;598
4;21:58;577
5;21:58;591
6;21:58;513
7;21:58;579
8;21:58;593
9;21:58;576
10;21:58;572
11;21:58;468
12;21:58;580
13;21:58;604
14;21:58;587
15;21:58;573
16;21:58;563
1;21:59;483
2;21:59;594
3;21:59;575
4;21:59;603
5;21:59;562
6;21:59;484
7;21:59;612
8;21:59;587
9;21:59;569
10;21:59;569
11;21:59;481
12;21:59;589
13;21:59;589
14;21:59;592
15;21:59;556
16;21:59;585
1;22:00;520
2;22:00;596
3;22:00;566
4;22:00;558
5;22:00;554
6;22:00;458
7;22:00;589
8;22:00;558
9;22:00;565
10;22:00;602
11;22:00;459
12;22:00;583
13;22:00;600
14;22:00;592
15;22:00;594
16;22:00;576
1;22:01;453
2;22:01;575
3;22:01;575
4;22:01;557
5;22:01;580
6;22:01;519
7;22:01;578
8;22:01;556
9;22:01;557
10;22:01;606
11;22:01;452
12;22:01;608
13;22:01;619
14;22:01;575
15;22:01;592
16;22:01;575
1;22:02;497
2;22:02;617
3;22:02;614
4;22:02;605
5;22:02;615
6;22:02;511
7;22:02;587
8;22:02;589
9;22:02;586
10;22:02;586
11;22:02;458
12;22:02;565
13;22:02;585
14;22:02;606
15;22:02;608
16;22:02;569
1;22:03;519
2;22:03;580
3;22:03;571
4;22:03;561
5;22:03;552
6;22:03;485
7;22:03;552
8;22:03;598
9;22:03;555
10;22:03;615
11;22:03;450
12;22:03;609
13;22:03;582
14;22:03;597
15;22:03;605
16;22:03;583
1;22:04;471
2;22:04;600
3;22:04;592
4;22:04;563
5;22:04;593
6;22:04;509
7;22:04;597
8;22:04;573
9;22:04;576
10;22:04;588
11;22:04;518
12;22:04;583
13;22:04;585
14;22:04;578
15;22:04;562
16;22:04;555
1;22:05;469
2;22:05;595
3;22:05;589
4;22:05;592
5;22:05;556
6;22:05;506
7;22:05;568
8;22:05;553
9;22:05;574
10;22:05;606
11;22:05;499
12;22:05;581
13;22:05;609
14;22:05;616
15;22:05;597
16;22:05;591
1;22:06;495
2;22:06;575
3;22:06;559
4;22:06;564
5;22:06;581
6;22:06;456
7;22:06;615
8;22:06;607
9;22:06;608
10;22:06;596
11;22:06;475
12;22:06;594
13;22:06;613
14;22:06;613
15;22:06;594
16;22:06;595
1;22:07;510
2;22:07;553
3;22:07;552
4;22:07;593
5;22:07;580
6;22:07;457
7;22:07;605
8;22:07;554
9;22:07;576
10;22:07;572
11;22:07;488
12;22:07;552
13;22:07;616
14;22:07;590
15;22:07;596
16;22:07;579
1;22:08;478
2;22:08;597
3;22:08;615
4;22:08;606
5;22:08;572
6;22:08;504
7;22:08;565
8;22:08;601
9;22:08;593
10;22:08;557
11;22:08;487
12;22:08;606
13;22:08;591
14;22:08;588
15;22:08;592
16;22:08;603
1;22:09;471
2;22:09;570
3;22:09;550
4;22:09;578
5;22:09;568
6;22:09;454
7;22:09;568
8;22:09;589
9;22:09;558
10;22:09;590
11;22:09;511
12;22:09;582
13;22:09;619
14;22:09;572
15;22:09;567
16;22:09;561
1;22:10;493
2;22:10;550
3;22:10;609
4;22:10;556
5;22:10;615
6;22:10;496
7;22:10;602
8;22:10;574
9;22:10;558
10;22:10;577
11;22:10;512
12;22:10;575
13;22:10;605
14;22:10;592
15;22:10;565
16;22:10;567
1;22:11;488
2;22:11;585
3;22:11;592
4;22:11;617
5;22:11;596
6;22:11;463
7;22:11;619
8;22:11;612
9;22:11;572
10;22:11;563
11;22:11;469
12;22:11;581
13;22:11;564
14;22:11;587
15;22:11;609
16;22:11;616
1;22:12;493
2;22:12;555
3;22:12;579
4;22:12;612
5;22:12;572
6;22:12;493
7;22:12;601
8;22:12;609
9;22:12;614
10;22:12;579
11;22:12;484
12;22:12;594
13;22:12;614
14;22:12;594
15;22:12;555
16;22:12;608
1;22:13;516
2;22:13;563
3;22:13;595
4;22:13;588
5;22:13;588
6;22:13;491
7;22:13;566
8;22:13;554
9;22:13;593
10;22:13;552
11;22:13;470
12;22:13;619
13;22:13;583
14;22:13;613
15;22:13;562
16;22:13;586
1;22:14;489
2;22:14;582
3;22:14;555
4;22:14;613
5;22:14;598
6;22:14;461
7;22:14;619
8;22:14;561
9;22:14;581
10;22:14;571
11;22:14;473
12;22:14;585
13;22:14;581
14;22:14;573
15;22:14;618
16;22:14;582
1;22:15;476
2;22:15;577
3;22:15;613
4;22:15;556
5;22:15;615
6;22:15;482
7;22:15;609
8;22:15;596
9;22:15;583
10;22:15;582
11;22:15;450
12;22:15;619
13;22:15;589
14;22:15;555
15;22:15;593
16;22:15;558
1;22:16;520
2;22:16;606
3;22:16;575
4;22:16;600
5;22:16;555
6;22:16;472
7;22:16;588
8;22:16;585
9;22:16;563
10;22:16;620
11;22:16;466
12;22:16;599
13;22:16;571
14;22:16;553
15;22:16;565
16;22:16;602
1;22:17;462
2;22:17;618
3;22:17;607
4;22:17;616
5;22:17;609
6;22:17;472
7;22:17;605
8;22:17;595
9;22:17;605
10;22:17;562
11;22:17;470
12;22:17;611
13;22:17;578
14;22:17;560
15;22:17;596
16;22:17;560
1;22:18;485
2;22:18;602
3;22:18;555
4;22:18;560
5;22:18;617
6;22:18;514
7;22:18;564
8;22:18;551
9;22:18;610
10;22:18;620
11;22:18;481
12;22:18;620
13;22:18;553
14;22:18;559
15;22:18;602
16;22:18;575
1;22:19;460
2;22:19;611
3;22:19;567
4;22:19;615
5;22:19;566
6;22:19;499
7;22:19;572
8;22:19;608
9;22:19;610
10;22:19;584
11;22:19;520
12;22:19;595
13;22:19;554
14;22:19;617
15;22:19;551
16;22:19;573
1;22:20;456
2;22:20;586
3;22:20;564
4;22:20;609
5;22:20;613
6;22:20;503
7;22:20;572
8;22:20;558
9;22:20;597
10;22:20;574
11;22:20;485
12;22:20;590
13;22:20;556
14;22:20;562
15;22:20;601
16;22:20;593
1;22:21;450
2;22:21;570
3;22:21;571
4;22:21;599
5;22:21;595
6;22:21;505
7;22:21;582
8;22:21;567
9;22:21;597
10;22:21;592
11;22:21;450
12;22:21;582
13;22:21;565
14;22:21;581
15;22:21;592
16;22:21;613
1;22:22;511
2;22:22;577
3;22:22;590
4;22:22;565
5;22:22;599
6;22:22;497
7;22:22;598
8;22:22;557
9;22:22;581
10;22:22;551
11;22:22;495
12;22:22;606
13;22:22;611
14;22:22;553
15;22:22;607
16;22:22;566
1;22:23;501
2;22:23;564
3;22:23;597
4;22:23;559
5;22:23;600
6;22:23;472
7;22:23;603
8;22:23;558
9;22:23;612
10;22:23;573
11;22:23;519
12;22:23;611
13;22:23;587
14;22:23;557
15;22:23;580
16;22:23;554
1;22:24;498
2;22:24;594
3;22:24;555
4;22:24;568
5;22:24;599
6;22:24;484
7;22:24;574
8;22:24;567
9;22:24;572
10;22:24;593
11;22:24;455
12;22:24;605
13;22:24;593
14;22:24;615
15;22:24;556
16;22:24;551
1;22:25;472
2;22:25;579
3;22:25;606
4;22:25;576
5;22:25;614
6;22:25;471
7;22:25;596
8;22:25;567
9;22:25;607
10;22:25;599
11;22:25;457
12;22:25;558
13;22:25;604
14;22:25;555
15;22:25;570
16;22:25;617
1;22:26;475
2;22:26;587
3;22:26;616
4;22:26;559
5;22:26;554
6;22:26;494
7;22:26;587
8;22:26;589
9;22:26;584
10;22:26;583
11;22:26;454
12;22:26;550
13;22:26;606
14;22:26;555
15;22:26;575
16;22:26;612
1;22:27;490
2;22:27;567
3;22:27;616
4;22:27;595
5;22:27;611
6;22:27;492
7;22:27;567
8;22:27;574
9;22:27;557
10;22:27;618
11;22:27;472
12;22:27;608
13;22:27;581
14;22:27;585
15;22:27;617
16;22:27;604
1;22:28;490
2;22:28;578
3;22:28;615
4;22:28;563
5;22:28;597
6;22:28;488
7;22:28;567
8;22:28;602
9;22:28;571
10;22:28;583
11;22:28;495
12;22:28;550
13;22:28;556
14;22:28;602
15;22:28;611
16;22:28;568
1;22:29;489
2;22:29;606
3;22:29;608
4;22:29;614
5;22:29;620
6;22:29;483
7;22:29;598
8;22:29;620
9;22:29;570
10;22:29;591
11;22:29;482
12;22:29;585
13;22:29;578
14;22:29;619
15;22:29;610
16;22:29;607
1;22:30;492
2;22:30;560
3;22:30;565
4;22:30;618
5;22:30;577
6;22:30;461
7;22:30;609
8;22:30;585
9;22:30;573
10;22:30;574
11;22:30;497
12;22:30;605
13;22:30;596
14;22:30;607
15;22:30;553
16;22:30;605
1;22:31;469
2;22:31;580
3;22:31;575
4;22:31;560
5;22:31;590
6;22:31;467
7;22:31;587
8;22:31;618
9;22:31;551
10;22:31;564
11;22:31;482
12;22:31;551
13;22:31;572
14;22:31;604
15;22:31;596
16;22:31;554
1;22:32;509
2;22:32;571
3;22:32;566
4;22:32;599
5;22:32;604
6;22:32;452
7;22:32;571
8;22:32;576
9;22:32;597
10;22:32;551
11;22:32;464
12;22:32;589
13;22:32;591
14;22:32;609
15;22:32;610
16;22:32;550
1;22:33;457
2;22:33;567
3;22:33;598
4;22:33;575
5;22:33;619
6;22:33;457
7;22:33;563
8;22:33;570
9;22:33;551
10;22:33;613
11;22:33;487
12;22:33;602
13;22:33;580
14;22:33;616
15;22:33;601
16;22:33;561
1;22:34;489
2;22:34;607
3;22:34;614
4;22:34;592
5;22:34;602
6;22:34;513
7;22:34;599
8;22:34;562
9;22:34;620
10;22:34;571
11;22:34;502
12;22:34;575
13;22:34;567
14;22:34;572
15;22:34;595
16;22:34;615
1;22:35;457
2;22:35;619
3;22:35;554
4;22:35;595
5;22:35;604
6;22:35;499
7;22:35;583
8;22:35;599
9;22:35;617
10;22:35;612
11;22:35;459
12;22:35;584
13;22:35;565
14;22:35;604
15;22:35;605
16;22:35;586
1;22:36;482
2;22:36;583
3;22:36;595
4;22:36;582
5;22:36;592
6;22:36;502
7;22:36;577
8;22:36;556
9;22:36;562
10;22:36;600
11;22:36;471
12;22:36;595
13;22:36;583
14;22:36;604
15;22:36;579
16;22:36;563
1;22:37;480
2;22:37;602
3;22:37;558
4;22:37;590
5;22:37;568
6;22:37;455
7;22:37;596
8;22:37;590
9;22:37;567
10;22:37;596
11;22:37;496
12;22:37;564
13;22:37;571
14;22:37;580
15;22:37;592
16;22:37;571
1;22:38;465
2;22:38;578
3;22:38;611
4;22:38;575
5;22:38;554
6;22:38;455
7;22:38;550
8;22:38;619
9;22:38;605
10;22:38;587
11;22:38;475
12;22:38;564
13;22:38;588
14;22:38;601
15;22:38;562
16;22:38;583
1;22:39;520
2;22:39;611
3;22:39;616
4;22:39;583
5;22:39;609
6;22:39;499
7;22:39;583
8;22:39;610
9;22:39;578
10;22:39;614
11;22:39;482
12;22:39;596
13;22:39;551
14;22:39;574
15;22:39;567
16;22:39;587
1;22:40;510
2;22:40;578
3;22:40;568
4;22:40;594
5;22:40;617
6;22:40;453
7;22:40;586
8;22:40;606
9;22:40;594
10;22:40;616
11;22:40;508
12;22:40;613
13;22:40;586
14;22:40;587
15;22:40;566
16;22:40;567
1;22:41;465
2;22:41;560
3;22:41;552
4;22:41;579
5;22:41;561
6;22:41;502
7;22:41;583
8;22:41;566
9;22:41;589
10;22:41;600
11;22:41;513
12;22:41;610
13;22:41;603
14;22:41;559
15;22:41;554
16;22:41;594
1;22:42;513
2;22:42;598
3;22:42;588
4;22:42;615
5;22:42;609
6;22:42;500
7;22:42;620
8;22:42;597
9;22:42;558
10;22:42;589
11;22:42;492
12;22:42;580
13;22:42;620
14;22:42;608
15;22:42;565
16;22:42;612
1;22:43;510
2;22:43;586
3;22:43;613
4;22:43;575
5;22:43;574
6;22:43;508
7;22:43;611
8;22:43;593
9;22:43;599
10;22:43;591
11;22:43;469
12;22:43;586
13;22:43;551
14;22:43;606
15;22:43;610
16;22:43;608
1;22:44;497
2;22:44;574
3;22:44;561
4;22:44;569
5;22:44;608
6;22:44;512
7;22:44;586
8;22:44;596
9;22:44;552
10;22:44;551
11;22:44;455
12;22:44;587
13;22:44;604
14;22:44;596
15;22:44;573
16;22:44;568
1;22:45;493
2;22:45;606
3;22:45;569
4;22:45;581
5;22:45;557
6;22:45;475
7;22:45;601
8;22:45;601
9;22:45;559
10;22:45;572
11;22:45;474
12;22:45;560
13;22:45;611
14;22:45;553
15;22:45;572
16;22:45;580
1;22:46;479
2;22:46;600
3;22:46;583
4;22:46;606
5;22:46;618
6;22:46;516
7;22:46;614
8;22:46;586
9;22:46;602
10;22:46;587
11;22:46;501
12;22:46;576
13;22:46;574
14;22:46;617
15;22:46;609
16;22:46;570
1;22:47;462
2;22:47;576
3;22:47;559
4;22:47;602
5;22:47;604
6;22:47;480
7;22:47;554
8;22:47;575
9;22:47;604
10;22:47;565
11;22:47;452
12;22:47;575
13;22:47;588
14;22:47;584
15;22:47;594
16;22:47;613
1;22:48;483
2;22:48;614
3;22:48;551
4;22:48;609
5;22:48;558
6;22:48;454
7;22:48;566
8;22:48;613
9;22:48;615
10;22:48;619
11;22:48;482
12;22:48;588
13;22:48;598
14;22:48;556
15;22:48;570
16;22:48;600
1;22:49;492
2;22:49;565
3;22:49;550
4;22:49;603
5;22:49;568
6;22:49;509
7;22:49;603
8;22:49;586
9;22:49;607
10;22:49;569
11;22:49;482
12;22:49;565
13;22:49;585
14;22:49;557
15;22:49;601
16;22:49;581
1;22:50;500
2;22:50;618
3;22:50;613
4;22:50;599
5;22:50;595
6;22:50;518
7;22:50;577
8;22:50;610
9;22:50;617
10;22:50;590
11;22:50;486
12;22:50;576
13;22:50;587
14;22:50;577
15;22:50;582
16;22:50;588
1;22:51;502
2;22:51;616
3;22:51;555
4;22:51;609
5;22:51;620
6;22:51;510
7;22:51;602
8;22:51;611
9;22:51;603
10;22:51;596
11;22:51;518
12;22:51;608
13;22:51;620
14;22:51;588
15;22:51;553
16;22:51;617
1;22:52;504
2;22:52;569
3;22:52;589
4;22:52;580
5;22:52;550
6;22:52;486
7;22:52;612
8;22:52;620
9;22:52;615
10;22:52;564
11;22:52;490
12;22:52;585
13;22:52;554
14;22:52;610
15;22:52;602
16;22:52;575
1;22:53;482
2;22:53;580
3;22:53;616
4;22:53;566
5;22:53;597
6;22:53;480
7;22:53;551
8;22:53;554
9;22:53;558
10;22:53;588
11;22:53;460
12;22:53;580
13;22:53;608
14;22:53;594
15;22:53;569
16;22:53;561
1;22:54;496
2;22:54;612
3;22:54;568
4;22:54;585
5;22:54;603
6;22:54;487
7;22:54;553
8;22:54;562
9;22:54;619
10;22:54;576
11;22:54;513
12;22:54;609
13;22:54;575
14;22:54;562
15;22:54;565
16;22:54;567
1;22:55;470
2;22:55;585
3;22:55;618
4;22:55;586
5;22:55;582
6;22:55;466
7;22:55;561
8;22:55;560
9;22:55;617
10;22:55;584
11;22:55;518
12;22:55;583
13;22:55;573
14;22:55;597
15;22:55;620
16;22:55;591
1;22:56;458
2;22:56;595
3;22:56;571
4;22:56;555
5;22:56;565
6;22:56;498
7;22:56;610
8;22:56;563
9;22:56;619
10;22:56;602
11;22:56;470
12;22:56;591
13;22:56;620
14;22:56;567
15;22:56;581
16;22:56;583
1;22:57;495
2;22:57;619
3;22:57;599
4;22:57;603
5;22:57;551
6;22:57;458
7;22:57;567
8;22:57;563
9;22:57;551
10;22:57;584
11;22:57;454
12;22:57;561
13;22:57;553
14;22:57;574
15;22:57;571
16;22:57;569
1;22:58;464
2;22:58;604
3;22:58;598
4;22:58;597
5;22:58;574
6;22:58;470
7;22:58;596
8;22:58;550
9;22:58;565
10;22:58;562
11;22:58;479
12;22:58;604
13;22:58;611
14;22:58;563
15;22:58;615
16;22:58;591
1;22:59;458
2;22:59;595
3;22:59;550
4;22:59;589
5;22:59;592
6;22:59;493
7;22:59;562
8;22:59;557
9;22:59;598
10;22:59;581
11;22:59;514
12;22:59;592
13;22:59;551
14;22:59;565
15;22:59;579
16;22:59;550
1;23:00;467
2;23:00;585
3;23:00;593
4;23:00;611
5;23:00;571
6;23:00;478
7;23:00;551
8;23:00;585
9;23:00;614
10;23:00;555
11;23:00;503
12;23:00;581
13;23:00;605
14;23:00;602
15;23:00;564
16;23:00;584
1;23:01;470
2;23:01;610
3;23:01;568
4;23:01;582
5;23:01;588
6;23:01;465
7;23:01;567
8;23:01;563
9;23:01;612
10;23:01;585
11;23:01;481
12;23:01;591
13;23:01;572
14;23:01;578
15;23:01;614
16;23:01;570
1;23:02;493
2;23:02;567
3;23:02;597
4;23:02;552
5;23:02;609
6;23:02;464
7;23:02;578
8;23:02;594
9;23:02;592
10;23:02;589
11;23:02;488
12;23:02;585
13;23:02;587
14;23:02;611
15;23:02;616
16;23:02;588
1;23:03;520
2;23:03;609
3;23:03;576
4;23:03;612
5;23:03;582
6;23:03;502
7;23:03;620
8;23:03;598
9;23:03;563
10;23:03;581
11;23:03;465
12;23:03;552
13;23:03;604
14;23:03;575
15;23:03;571
16;23:03;606
1;23:04;480
2;23:04;551
3;23:04;599
4;23:04;555
5;23:04;594
6;23:04;502
7;23:04;596
8;23:04;619
9;23:04;560
10;23:04;559
11;23:04;490
12;23:04;574
13;23:04;615
14;23:04;602
15;23:04;569
16;23:04;573
1;23:05;498
2;23:05;611
3;23:05;550
4;23:05;579
5;23:05;619
6;23:05;504
7;23:05;619
8;23:05;586
9;23:05;572
10;23:05;613
11;23:05;485
12;23:05;584
13;23:05;615
14;23:05;599
15;23:05;613
16;23:05;568
1;23:06;468
2;23:06;612
3;23:06;561
4;23:06;590
5;23:06;617
6;23:06;487
7;23:06;585
8;23:06;550
9;23:06;552
10;23:06;587
11;23:06;476
12;23:06;600
13;23:06;563
14;23:06;556
15;23:06;577
16;23:06;606
1;23:07;489
2;23:07;616
3;23:07;559
4;23:07;589
5;23:07;599
6;23:07;508
7;23:07;594
8;23:07;558
9;23:07;566
10;23:07;580
11;23:07;512
12;23:07;617
13;23:07;592
14;23:07;603
15;23:07;593
16;23:07;582
1;23:08;472
2;23:08;562
3;23:08;605
4;23:08;580
5;23:08;618
6;23:08;474
7;23:08;603
8;23:08;555
9;23:08;565
10;23:08;582
11;23:08;484
12;23:08;557
13;23:08;618
14;23:08;581
15;23:08;601
16;23:08;599
1;23:09;481
2;23:09;576
3;23:09;604
4;23:09;574
5;23:09;580
6;23:09;512
7;23:09;575
8;23:09;588
9;23:09;585
10;23:09;556
11;23:09;461
12;23:09;561
13;23:09;550
14;23:09;572
15;23:09;584
16;23:09;568
1;23:10;506
2;23:10;588
3;23:10;597
4;23:10;577
5;23:10;620
6;23:10;501
7;23:10;601
8;23:10;584
9;23:10;604
10;23:10;615
11;23:10;511
12;23:10;601
13;23:10;574
14;23:10;570
15;23:10;559
16;23:10;574
1;23:11;494
2;23:11;610
3;23:11;565
4;23:11;592
5;23:11;585
6;23:11;472
7;23:11;557
8;23:11;574
9;23:11;601
10;23:11;611
11;23:11;487
12;23:11;596
13;23:11;564
14;23:11;555
15;23:11;611
16;23:11;615
1;23:12;478
2;23:12;609
3;23:12;564
4;23:12;609
5;23:12;586
6;23:12;488
7;23:12;550
8;23:12;566
9;23:12;578
10;23:12;597
11;23:12;515
12;23:12;568
13;23:12;577
14;23:12;567
15;23:12;615
16;23:12;617
1;23:13;502
2;23:13;556
3;23:13;595
4;23:13;585
5;23:13;595
6;23:13;463
7;23:13;592
8;23:13;577
9;23:13;551
10;23:13;619
11;23:13;466
12;23:13;586
13;23:13;615
14;23:13;577
15;23:13;603
16;23:13;617
1;23:14;491
2;23:14;560
3;23:14;590
4;23:14;550
5;23:14;551
6;23:14;470
7;23:14;616
8;23:14;570
9;23:14;572
10;23:14;600
11;23:14;470
12;23:14;581
13;23:14;586
14;23:14;556
15;23:14;589
16;23:14;573
1;23:15;458
2;23:15;564
3;23:15;553
4;23:15;611
5;23:15;577
6;23:15;465
7;23:15;614
8;23:15;599
9;23:15;615
10;23:15;590
11;23:15;463
12;23:15;556
13;23:15;601
14;23:15;570
15;23:15;612
16;23:15;556
1;23:16;471
2;23:16;562
3;23:16;578
4;23:16;617
5;23:16;559
6;23:16;472
7;23:16;612
8;23:16;559
9;23:16;618
10;23:16;585
11;23:16;512
12;23:16;593
13;23:16;561
14;23:16;588
15;23:16;607
16;23:16;574
1;23:17;502
2;23:17;559
3;23:17;561
4;23:17;613
5;23:17;560
6;23:17;459
7;23:17;588
8;23:17;580
9;23:17;578
10;23:17;586
11;23:17;479
12;23:17;615
13;23:17;570
14;23:17;585
15;23:17;598
16;23:17;585
1;23:18;464
2;23:18;560
3;23:18;596
4;23:18;614
5;23:18;577
6;23:18;478
7;23:18;600
8;23:18;562
9;23:18;569
10;23:18;590
11;23:18;481
12;23:18;588
13;23:18;590
14;23:18;618
15;23:18;617
16;23:18;581
1;23:19;520
2;23:19;563
3;23:19;612
4;23:19;604
5;23:19;580
6;23:19;475
7;23:19;578
8;23:19;602
9;23:19;598
10;23:19;570
11;23:19;454
12;23:19;584
13;23:19;573
14;23:19;573
15;23:19;617
16;23:19;594
1;23:20;505
2;23:20;605
3;23:20;582
4;23:20;573
5;23:20;610
6;23:20;478
7;23:20;559
8;23:20;609
9;23:20;588
10;23:20;578
11;23:20;518
12;23:20;586
13;23:20;600
14;23:20;564
15;23:20;565
16;23:20;557
1;23:21;482
2;23:21;582
3;23:21;582
4;23:21;555
5;23:21;598
6;23:21;491
7;23:21;611
8;23:21;592
9;23:21;567
10;23:21;550
11;23:21;466
12;23:21;565
13;23:21;590
14;23:21;569
15;23:21;559
16;23:21;582
1;23:22;461
2;23:22;591
3;23:22;613
4;23:22;572
5;23:22;612
6;23:22;464
7;23:22;556
8;23:22;565
9;23:22;568
10;23:22;618
11;23:22;488
12;23:22;616
13;23:22;574
14;23:22;605
15;23:22;569
16;23:22;565
1;23:23;453
2;23:23;614
3;23:23;566
4;23:23;593
5;23:23;592
6;23:23;507
7;23:23;591
8;23:23;559
9;23:23;556
10;23:23;568
11;23:23;460
12;23:23;591
13;23:23;594
14;23:23;600
15;23:23;567
16;23:23;560
1;23:24;455
2;23:24;569
3;23:24;582
4;23:24;555
5;23:24;589
6;23:24;513
7;23:24;566
8;23:24;589
9;23:24;570
10;23:24;601
11;23:24;489
12;23:24;578
13;23:24;560
14;23:24;566
15;23:24;611
16;23:24;559
1;23:25;452
2;23:25;550
3;23:25;612
4;23:25;596
5;23:25;600
6;23:25;468
7;23:25;615
8;23:25;581
9;23:25;560
10;23:25;569
11;23:25;488
12;23:25;605
13;23:25;596
14;23:25;598
15;23:25;591
16;23:25;610
1;23:26;469
2;23:26;617
3;23:26;619
4;23:26;593
5;23:26;591
6;23:26;483
7;23:26;599
8;23:26;576
9;23:26;584
10;23:26;562
11;23:26;488
12;23:26;581
13;23:26;574
14;23:26;561
15;23:26;589
16;23:26;594
1;23:27;454
2;23:27;610
3;23:27;576
4;23:27;572
5;23:27;617
6;23:27;512
7;23:27;616
8;23:27;619
9;23:27;603
10;23:27;561
11;23:27;484
12;23:27;581
13;23:27;562
14;23:27;575
15;23:27;554
16;23:27;576
1;23:28;492
2;23:28;575
3;23:28;619
4;23:28;601
5;23:28;575
6;23:28;516
7;23:28;603
8;23:28;555
9;23:28;568
10;23:28;595
11;23:28;478
12;23:28;620
13;23:28;601
14;23:28;595
15;23:28;568
16;23:28;587
1;23:29;505
2;23:29;586
3;23:29;564
4;23:29;577
5;23:29;551
6;23:29;452
7;23:29;602
8;23:29;566
9;23:29;607
10;23:29;567
11;23:29;480
12;23:29;612
13;23:29;551
14;23:29;618
15;23:29;575
16;23:29;608
1;23:30;484
2;23:30;562
3;23:30;558
4;23:30;556
5;23:30;565
6;23:30;493
7;23:30;569
8;23:30;603
9;23:30;570
10;23:30;563
11;23:30;492
12;23:30;574
13;23:30;563
14;23:30;561
15;23:30;608
16;23:30;602
1;23:31;450
2;23:31;586
3;23:31;554
4;23:31;582
5;23:31;615
6;23:31;496
7;23:31;576
8;23:31;559
9;23:31;577
10;23:31;582
11;23:31;473
12;23:31;559
13;23:31;616
14;23:31;578
15;23:31;592
16;23:31;574
1;23:32;511
2;23:32;595
3;23:32;599
4;23:32;611
5;23:32;590
6;23:32;468
7;23:32;596
8;23:32;593
9;23:32;605
10;23:32;617
11;23:32;472
12;23:32;620
13;23:32;569
14;23:32;554
15;23:32;588
16;23:32;555
1;23:33;468
2;23:33;561
3;23:33;602
4;23:33;598
5;23:33;574
6;23:33;481
7;23:33;619
8;23:33;598
9;23:33;602
10;23:33;560
11;23:33;508
12;23:33;557
13;23:33;610
14;23:33;555
15;23:33;600
16;23:33;596
1;23:34;495
2;23:34;612
3;23:34;588
4;23:34;568
5;23:34;577
6;23:34;504
7;23:34;582
8;23:34;595
9;23:34;618
10;23:34;566
11;23:34;520
12;23:34;583
13;23:34;598
14;23:34;611
15;23:34;612
16;23:34;552
1;23:35;507
2;23:35;599
3;23:35;603
4;23:35;598
5;23:35;551
6;23:35;481
7;23:35;578
8;23:35;577
9;23:35;576
10;23:35;600
11;23:35;514
12;23:35;618
13;23:35;597
14;23:35;591
15;23:35;559
16;23:35;600
1;23:36;477
2;23:36;602
3;23:36;607
4;23:36;591
5;23:36;563
6;23:36;474
7;23:36;606
8;23:36;611
9;23:36;561
10;23:36;559
11;23:36;516
12;23:36;566
13;23:36;609
14;23:36;581
15;23:36;589
16;23:36;554
1;23:37;478
2;23:37;570
3;23:37;588
4;23:37;604
5;23:37;594
6;23:37;468
7;23:37;576
8;23:37;568
9;23:37;558
10;23:37;614
11;23:37;465
12;23:37;604
13;23:37;603
14;23:37;606
15;23:37;573
16;23:37;587
1;23:38;494
2;23:38;569
3;23:38;580
4;23:38;607
5;23:38;593
6;23:38;500
7;23:38;551
8;23:38;586
9;23:38;579
10;23:38;611
11;23:38;479
12;23:38;618
13;23:38;589
14;23:38;550
15;23:38;552
16;23:38;559
1;23:39;467
2;23:39;611
3;23:39;592
4;23:39;552
5;23:39;613
6;23:39;520
7;23:39;563
8;23:39;602
9;23:39;619
10;23:39;581
11;23:39;451
12;23:39;594
13;23:39;558
14;23:39;601
15;23:39;620
16;23:39;587
1;23:40;467
2;23:40;569
3;23:40;609
4;23:40;557
5;23:40;582
6;23:40;497
7;23:40;580
8;23:40;588
9;23:40;575
10;23:40;605
11;23:40;473
12;23:40;601
13;23:40;562
14;23:40;556
15;23:40;561
16;23:40;606
1;23:41;503
2;23:41;578
3;23:41;584
4;23:41;575
5;23:41;593
6;23:41;503
7;23:41;573
8;23:41;612
9;23:41;609
10;23:41;564
11;23:41;450
12;23:41;616
13;23:41;561
14;23:41;560
15;23:41;577
16;23:41;564
1;23:42;481
2;23:42;607
3;23:42;589
4;23:42;611
5;23:42;615
6;23:42;502
7;23:42;610
8;23:42;564
9;23:42;589
10;23:42;570
11;23:42;455
12;23:42;557
13;23:42;602
14;23:42;619
15;23:42;581
16;23:42;594
1;23:43;451
2;23:43;555
3;23:43;553
4;23:43;585
5;23:43;601
6;23:43;461
7;23:43;591
8;23:43;597
9;23:43;612
10;23:43;575
11;23:43;500
12;23:43;601
13;23:43;610
14;23:43;601
15;23:43;601
16;23:43;555
1;23:44;507
2;23:44;586
3;23:44;575
4;23:44;613
5;23:44;594
6;23:44;483
7;23:44;599
8;23:44;574
9;23:44;579
10;23:44;595
11;23:44;472
12;23:44;570
13;23:44;595
14;23:44;611
15;23:44;580
16;23:44;590
1;23:45;450
2;23:45;611
3;23:45;582
4;23:45;599
5;23:45;601
6;23:45;463
7;23:45;598
8;23:45;572
9;23:45;559
10;23:45;575
11;23:45;473
12;23:45;592
13;23:45;589
14;23:45;596
15;23:45;568
16;23:45;591
1;23:46;482
2;23:46;555
3;23:46;586
4;23:46;588
5;23:46;562
6;23:46;466
7;23:46;578
8;23:46;576
9;23:46;560
10;23:46;562
11;23:46;517
12;23:46;559
13;23:46;590
14;23:46;574
15;23:46;566
16;23:46;555
1;23:47;511
2;23:47;599
3;23:47;597
4;23:47;589
5;23:47;604
6;23:47;519
7;23:47;585
8;23:47;600
9;23:47;614
10;23:47;567
11;23:47;490
12;23:47;574
13;23:47;579
14;23:47;592
15;23:47;590
16;23:47;570
1;23:48;454
2;23:48;618
3;23:48;565
4;23:48;554
5;23:48;609
6;23:48;499
7;23:48;560
8;23:48;617
9;23:48;614
10;23:48;575
11;23:48;482
12;23:48;598
13;23:48;620
14;23:48;565
15;23:48;601
16;23:48;593
1;23:49;470
2;23:49;569
3;23:49;608
4;23:49;587
5;23:49;572
6;23:49;491
7;23:49;568
8;23:49;567
9;23:49;568
10;23:49;611
11;23:49;487
12;23:49;619
13;23:49;585
14;23:49;600
15;23:49;599
16;23:49;596
1;23:50;515
2;23:50;573
3;23:50;551
4;23:50;555
5;23:50;589
6;23:50;493
7;23:50;611
8;23:50;596
9;23:50;554
10;23:50;588
11;23:50;486
12;23:50;615
13;23:50;587
14;23:50;560
15;23:50;581
16;23:50;593
1;23:51;453
2;23:51;563
3;23:51;553
4;23:51;597
5;23:51;560
6;23:51;462
7;23:51;579
8;23:51;609
9;23:51;606
10;23:51;557
11;23:51;492
12;23:51;617
13;23:51;567
14;23:51;575
15;23:51;617
16;23:51;580
1;23:52;478
2;23:52;567
3;23:52;552
4;23:52;552
5;23:52;577
6;23:52;461
7;23:52;575
8;23:52;577
9;23:52;588
10;23:52;609
11;23:52;477
12;23:52;620
13;23:52;586
14;23:52;557
15;23:52;613
16;23:52;568
1;23:53;483
2;23:53;603
3;23:53;577
4;23:53;574
5;23:53;587
6;23:53;466
7;23:53;602
8;23:53;587
9;23:53;579
10;23:53;603
11;23:53;520
12;23:53;576
13;23:53;569
14;23:53;560
15;23:53;560
16;23:53;570
1;23:54;490
2;23:54;552
3;23:54;595
4;23:54;561
5;23:54;597
6;23:54;486
7;23:54;551
8;23:54;575
9;23:54;565
10;23:54;571
11;23:54;476
12;23:54;596
13;23:54;574
14;23:54;562
15;23:54;611
16;23:54;598
1;23:55;484
2;23:55;554
3;23:55;620
4;23:55;553
5;23:55;576
6;23:55;485
7;23:55;600
8;23:55;611
9;23:55;565
10;23:55;560
11;23:55;469
12;23:55;566
13;23:55;591
14;23:55;561
15;23:55;559
16;23:55;567
1;23:56;496
2;23:56;556
3;23:56;552
4;23:56;559
5;23:56;583
6;23:56;476
7;23:56;614
8;23:56;593
9;23:56;596
10;23:56;611
11;23:56;499
12;23:56;616
13;23:56;566
14;23:56;609
15;23:56;560
16;23:56;577
1;23:57;505
2;23:57;575
3;23:57;581
4;23:57;599
5;23:57;595
6;23:57;519
7;23:57;557
8;23:57;606
9;23:57;550
10;23:57;599
11;23:57;510
12;23:57;609
13;23:57;590
14;23:57;588
15;23:57;568
16;23:57;589
1;23:58;462
2;23:58;571
3;23:58;569
4;23:58;569
5;23:58;563
6;23:58;501
7;23:58;597
8;23:58;593
9;23:58;585
10;23:58;578
11;23:58;472
12;23:58;601
13;23:58;576
14;23:58;576
15;23:58;557
16;23:58;559
1;23:59;515
2;23:59;566
3;23:59;617
4;23:59;581
5;23:59;561
6;23:59;458
7;23:59;556
8;23:59;598
9;23:59;555
10;23:59;605
11;23:59;503
12;23:59;615
13;23:59;551
14;23:59;617
15;23:59;593
16;23:59;562
